activity_id,activity_name,city,country,address,category,vibe,best_season,price_aud,rating,suitable_for,duration_hours,description
INT-AC-00001,Tokyo Food Tour,Tokyo,Japan,"36 Street Food Alley, Shibuya, Tokyo, Japan",Food,Bustling; Modern; Traditional,Spring; Autumn,60,4.0,Couple,2 hrs,"Explore Tokyo's bustling neighbourhood markets and laneway eateries, sampling ramen, takoyaki, and seasonal street bites guided by a local food expert."
INT-AC-00002,Paris Cooking Class,Paris,France,"9 Harbour Kitchen, Champs-Élysées, Paris, France",Food,Romantic; Artistic; Chic,Spring; Summer; Autumn,175,4.1,Group,4 hrs,"Master classic French techniques in a professional kitchen near Le Marais, crafting croissants, sauces, and a three-course dinner under expert tutelage."
INT-AC-00003,Street Food Night Walk Brisbane,Brisbane,Australia,"144 Market Lane, South Bank, Brisbane, Australia",Food,Outdoorsy; Relaxed; Sunny,Spring; Autumn; Winter,35,4.1,Group,4 hrs,"A guided after-dark walk through South Bank and Fortitude Valley's best street-food stalls, from loaded burgers to gourmet ice cream."
INT-AC-00004,Sushi Making Workshop,Berlin,Germany,"151 Harbour Kitchen, Prenzlauer Berg, Berlin, Germany",Food,Edgy; Creative; Historic,Spring; Summer,110,4.7,Couple,2 hrs,"Hands-on session teaching rice preparation, fish selection, and rolling technique — finish by eating your creations with sake pairings."
INT-AC-00005,Wine & Cheese Tasting,Dubai,UAE,"88 Harbour Kitchen, Jumeirah, Dubai, UAE",Food,Luxurious; Futuristic; Vibrant,Spring; Winter,95,4.8,Couple,2 hrs,"Curated tasting of local and imported wines paired with artisan cheeses, hosted in a cellar setting with a certified sommelier."
INT-AC-00006,Local Market Food Experience,Singapore,Singapore,"98 Market Lane, Marina Bay, Singapore, Singapore",Food,Modern; Multicultural; Clean,Spring; Summer; Autumn; Winter,45,4.2,Group,2 hrs,"Navigate a vibrant local produce market with a chef guide, sampling seasonal specialities and learning the stories behind each ingredient."
INT-AC-00007,Craft Beer & Brewery Tour,London,UK,"12 Night Bazaar, Shoreditch, London, UK",Food,Historic; Cosmopolitan; Eclectic,Spring; Summer,60,4.4,Solo,4 hrs,"A highly rated local experience offering an authentic taste of the destination's culture, cuisine, and character."
INT-AC-00008,Farm-to-Table Dinner Experience,New York,USA,"161 Night Bazaar, SoHo, New York, USA",Food,Fast-paced; Iconic; Diverse,Spring; Autumn,150,4.5,Group,2 hrs,"A highly rated local experience offering an authentic taste of the destination's culture, cuisine, and character."
INT-AC-00009,Sydney History Walking Tour,Sydney,Australia,"12 Heritage Square, Circular Quay, Sydney, Australia",Culture,Beach; Outdoorsy; Vibrant,Spring; Summer; Autumn,75,4.9,Group,2 hrs,"A highly rated local experience offering an authentic taste of the destination's culture, cuisine, and character."
INT-AC-00010,Museum Skip-the-Line Tour,Bangkok,Thailand,"26 Museum District, Old City, Bangkok, Thailand",Culture,Lively; Spiritual; Street food,Spring; Winter,80,4.2,Couple,2 hrs,"Fast-track entry and an in-depth guided tour of the city's premier museum, covering highlights and hidden gems in under three hours."
INT-AC-00011,Barcelona Art Gallery Visit,Barcelona,Spain,"91 Old Town, Barceloneta, Barcelona, Spain",Culture,Artistic; Beach; Festive,Spring; Summer,50,4.3,Couple,2 hrs,"A highly rated local experience offering an authentic taste of the destination's culture, cuisine, and character."
INT-AC-00012,Ancient Temple Morning Walk,Rome,Italy,"42 Museum District, Trastevere, Rome, Italy",Culture,Historic; Romantic; Culinary,Spring; Autumn,45,4.7,Solo,2 hrs,"Early-morning visit to a UNESCO-listed temple complex at sunrise, experiencing rituals and peaceful courtyards before tourist crowds arrive."
INT-AC-00013,Old Town Architecture Tour,Amsterdam,Netherlands,"59 Heritage Square, De Pijp, Amsterdam, Netherlands",Culture,Liberal; Charming; Cycling-friendly,Spring; Summer,70,4.4,Group,3 hrs,A 90-minute walking tour tracing the city's architectural evolution from medieval lanes to baroque facades and modernist interventions.
INT-AC-00014,Cultural Dance Show,Seoul,South Korea,"55 Heritage Square, Insadong, Seoul, South Korea",Culture,Trendy; K-pop; Foodie,Spring; Autumn,60,4.8,Group,3 hrs,"An evening performance showcasing traditional folk dances, live music, and costume, followed by a meet-the-artists session backstage."
INT-AC-00015,Traditional Craft Workshop,Bali,Indonesia,"37 Cultural Precinct, Seminyak, Bali, Indonesia",Culture,Spiritual; Tropical; Bohemian,Spring; Summer; Autumn,105,4.2,Couple,3 hrs,"A two-hour hands-on session learning a regional craft — ceramics, weaving, or bookbinding — guided by a master artisan."
INT-AC-00016,Photography City Tour,Cape Town,South Africa,"93 Cultural Precinct, Gardens, Cape Town, South Africa",Culture,Scenic; Adventurous; Diverse,Summer; Autumn,65,4.1,Couple,3 hrs,"A guided photo walk through the city's most photogenic corners, with tips on composition, light, and storytelling from a professional photographer."
INT-AC-00017,Street Art & Graffiti Tour,Kyoto,Japan,"194 Heritage Square, Fushimi, Kyoto, Japan",Culture,Serene; Traditional; Cultural,Spring; Autumn,50,5.0,Group,3 hrs,"A highly rated local experience offering an authentic taste of the destination's culture, cuisine, and character."
INT-AC-00018,Local Neighbourhood Walk,Vienna,Austria,"153 Cultural Precinct, Innere Stadt, Vienna, Austria",Culture,Imperial; Musical; Café culture,Spring; Summer,30,4.9,Solo,2 hrs,"A highly rated local experience offering an authentic taste of the destination's culture, cuisine, and character."
INT-AC-00019,Istanbul Bike Tour,Istanbul,Turkey,"175 Adventure Hub, Beyoğlu, Istanbul, Turkey",Adventure,Historic; Exotic; East-meets-West,Spring; Autumn,45,4.4,Group,5 hrs,"A highly rated local experience offering an authentic taste of the destination's culture, cuisine, and character."
INT-AC-00020,River Kayaking Experience,Lisbon,Portugal,"76 Adventure Hub, Belém, Lisbon, Portugal",Adventure,Soulful; Coastal; Affordable,Spring; Summer; Autumn,85,4.7,Solo,5 hrs,"Paddle through scenic river gorges with an experienced instructor — safety gear, refreshments, and transport included."
INT-AC-00021,Sunset Sailing Cruise,Prague,Czech Republic,"130 Wharf, Old Town, Prague, Czech Republic",Adventure,Fairy-tale; Beer culture; Gothic,Spring; Summer,135,4.2,Couple,5 hrs,"A two-hour sunset cruise aboard a traditional sailing vessel, with canapés, local wine, and panoramic views of the city skyline."
INT-AC-00022,Jungle Trekking Adventure,Maldives,Maldives,"96 Wharf, North Malé Atoll, Maldives, Maldives",Adventure,Luxury; Tropical; Remote,Spring; Winter,75,4.9,Solo,4 hrs,"Half-day guided trek through primary rainforest, spotting endemic wildlife and crossing rope bridges, concluding with a riverside picnic."
INT-AC-00023,Desert Safari Experience,Zurich,Switzerland,"5 Outdoor Centre, Enge, Zurich, Switzerland",Adventure,Clean; Alpine; Upscale,Summer; Autumn,295,4.2,Group,5 hrs,"Dune-bashing by 4WD followed by a Bedouin-style camp dinner under the stars, with camel rides, henna, and live music included."
INT-AC-00024,Rock Climbing Los Angeles,Los Angeles,USA,"62 Adventure Hub, Hollywood, Los Angeles, USA",Adventure,Sunny; Creative; Beach,Spring; Summer; Autumn,70,4.9,Group,4 hrs,"A highly rated local experience offering an authentic taste of the destination's culture, cuisine, and character."
INT-AC-00025,Scuba Diving Lesson,Toronto,Canada,"195 Adventure Hub, Kensington, Toronto, Canada",Adventure,Multicultural; Friendly; Urban,Summer; Autumn,160,4.9,Couple,6 hrs,"PADI-certified introductory dive in crystal-clear coastal waters, covering basic techniques in a confined pool before an open-water experience."
INT-AC-00026,Hot Air Balloon Ride,Tokyo,Japan,"68 Wharf, Asakusa, Tokyo, Japan",Adventure,Bustling; Modern; Traditional,Spring; Autumn,385,4.8,Couple,6 hrs,"Float over the city at dawn in a private basket, watching the landscape emerge in golden light with a champagne breakfast on landing."
INT-AC-00027,Zip Line Forest Canopy,Paris,France,"172 Outdoor Centre, Montmartre, Paris, France",Adventure,Romantic; Artistic; Chic,Spring; Summer; Autumn,120,5.0,Group,5 hrs,"Fly through the forest canopy on a multi-line zip circuit up to 200 m long, with safety briefing, harness fitting, and photos included."
INT-AC-00028,Stand-Up Paddleboard Tour,Brisbane,Australia,"58 Wharf, Fortitude Valley, Brisbane, Australia",Adventure,Outdoorsy; Relaxed; Sunny,Spring; Autumn; Winter,85,4.4,Couple,3 hrs,"Guided SUP tour along calm coastal or river waterways, exploring hidden coves and sea caves only accessible from the water."
INT-AC-00029,Coastal Cliff Walk,Berlin,Germany,"19 Adventure Hub, Kreuzberg, Berlin, Germany",Adventure,Edgy; Creative; Historic,Spring; Summer,35,4.3,Solo,4 hrs,"A highly rated local experience offering an authentic taste of the destination's culture, cuisine, and character."
INT-AC-00030,Night Kayaking Tour,Dubai,UAE,"132 Adventure Hub, Downtown Dubai, Dubai, UAE",Adventure,Luxurious; Futuristic; Vibrant,Spring; Winter,80,4.2,Group,5 hrs,"A highly rated local experience offering an authentic taste of the destination's culture, cuisine, and character."
INT-AC-00031,Harbour Sunset Cruise,Singapore,Singapore,"186 Rooftop Terrace, Chinatown, Singapore, Singapore",Relaxation,Modern; Multicultural; Clean,Spring; Summer; Autumn; Winter,85,4.3,Group,3 hrs,"A scenic evening cruise around the harbour with cocktails, local cheese, and a live acoustic duo as the city lights come on."
INT-AC-00032,Spa & Wellness Half Day,London,UK,"105 Sky Lounge, Kensington, London, UK",Relaxation,Historic; Cosmopolitan; Eclectic,Spring; Summer,200,4.9,Solo,3 hrs,"Four hours of treatments including a traditional massage, thermal pools, and a skin ritual using locally sourced botanicals."
INT-AC-00033,Rooftop Bar Sunset Experience,New York,USA,"106 Sky Lounge, Midtown, New York, USA",Relaxation,Fast-paced; Iconic; Diverse,Spring; Autumn,50,4.1,Group,4 hrs,"Reserved rooftop terrace access during golden hour, with a curated cocktail menu and 360-degree views over the city's skyline."
INT-AC-00034,City Panorama Cable Car,Sydney,Australia,"16 Wellness Centre, Bondi, Sydney, Australia",Relaxation,Beach; Outdoorsy; Vibrant,Spring; Summer; Autumn,60,4.9,Solo,5 hrs,"Ride historic gondolas to the city's highest viewpoint, with optional guided commentary and a café terrace at the summit."
INT-AC-00035,Morning Yoga & Meditation,Bangkok,Thailand,"49 Rooftop Terrace, Silom, Bangkok, Thailand",Relaxation,Lively; Spiritual; Street food,Spring; Winter,50,4.7,Solo,3 hrs,"A highly rated local experience offering an authentic taste of the destination's culture, cuisine, and character."
INT-AC-00036,Thermal Baths & Spa,Barcelona,Spain,"119 Spa Quarter, Gothic Quarter, Barcelona, Spain",Relaxation,Artistic; Beach; Festive,Spring; Summer,80,4.4,Couple,3 hrs,"A highly rated local experience offering an authentic taste of the destination's culture, cuisine, and character."
INT-AC-00037,Rome Food Tour,Rome,Italy,"13 Market Lane, Colosseum, Rome, Italy",Food,Historic; Romantic; Culinary,Spring; Autumn,75,4.9,Group,3 hrs,"A highly rated local experience offering an authentic taste of the destination's culture, cuisine, and character."
INT-AC-00038,Amsterdam Cooking Class,Amsterdam,Netherlands,"43 Street Food Alley, Museumplein, Amsterdam, Netherlands",Food,Liberal; Charming; Cycling-friendly,Spring; Summer,165,5.0,Group,2 hrs,"A highly rated local experience offering an authentic taste of the destination's culture, cuisine, and character."
INT-AC-00039,Street Food Night Walk Seoul,Seoul,South Korea,"43 Market Lane, Gangnam, Seoul, South Korea",Food,Trendy; K-pop; Foodie,Spring; Autumn,60,4.5,Group,3 hrs,"A highly rated local experience offering an authentic taste of the destination's culture, cuisine, and character."
INT-AC-00040,Sushi Making Workshop,Bali,Indonesia,"74 Harbour Kitchen, Ubud, Bali, Indonesia",Food,Spiritual; Tropical; Bohemian,Spring; Summer; Autumn,125,4.0,Couple,3 hrs,"Hands-on session teaching rice preparation, fish selection, and rolling technique — finish by eating your creations with sake pairings."
INT-AC-00041,Wine & Cheese Tasting,Cape Town,South Africa,"76 Street Food Alley, Sea Point, Cape Town, South Africa",Food,Scenic; Adventurous; Diverse,Summer; Autumn,115,4.7,Group,2 hrs,"Curated tasting of local and imported wines paired with artisan cheeses, hosted in a cellar setting with a certified sommelier."
INT-AC-00042,Local Market Food Experience,Kyoto,Japan,"15 Night Bazaar, Gion, Kyoto, Japan",Food,Serene; Traditional; Cultural,Spring; Autumn,45,5.0,Solo,4 hrs,"Navigate a vibrant local produce market with a chef guide, sampling seasonal specialities and learning the stories behind each ingredient."
INT-AC-00043,Craft Beer & Brewery Tour,Vienna,Austria,"48 Market Lane, Naschmarkt, Vienna, Austria",Food,Imperial; Musical; Café culture,Spring; Summer,60,4.6,Group,2 hrs,"A highly rated local experience offering an authentic taste of the destination's culture, cuisine, and character."
INT-AC-00044,Farm-to-Table Dinner Experience,Istanbul,Turkey,"146 Market Lane, Kadıköy, Istanbul, Turkey",Food,Historic; Exotic; East-meets-West,Spring; Autumn,100,4.6,Couple,3 hrs,"A highly rated local experience offering an authentic taste of the destination's culture, cuisine, and character."
INT-AC-00045,Lisbon History Walking Tour,Lisbon,Portugal,"169 Cultural Precinct, Alfama, Lisbon, Portugal",Culture,Soulful; Coastal; Affordable,Spring; Summer; Autumn,50,4.6,Solo,2 hrs,"A highly rated local experience offering an authentic taste of the destination's culture, cuisine, and character."
INT-AC-00046,Museum Skip-the-Line Tour,Prague,Czech Republic,"172 Museum District, Malá Strana, Prague, Czech Republic",Culture,Fairy-tale; Beer culture; Gothic,Spring; Summer,75,4.6,Couple,3 hrs,"Fast-track entry and an in-depth guided tour of the city's premier museum, covering highlights and hidden gems in under three hours."
INT-AC-00047,Maldives Art Gallery Visit,Maldives,Maldives,"118 Old Town, Baa Atoll, Maldives, Maldives",Culture,Luxury; Tropical; Remote,Spring; Winter,45,4.2,Couple,2 hrs,"A highly rated local experience offering an authentic taste of the destination's culture, cuisine, and character."
INT-AC-00048,Ancient Temple Morning Walk,Zurich,Switzerland,"160 Cultural Precinct, Altstadt, Zurich, Switzerland",Culture,Clean; Alpine; Upscale,Summer; Autumn,50,4.9,Solo,2 hrs,"Early-morning visit to a UNESCO-listed temple complex at sunrise, experiencing rituals and peaceful courtyards before tourist crowds arrive."
INT-AC-00049,Old Town Architecture Tour,Los Angeles,USA,"34 Old Town, Santa Monica, Los Angeles, USA",Culture,Sunny; Creative; Beach,Spring; Summer; Autumn,75,5.0,Group,2 hrs,A 90-minute walking tour tracing the city's architectural evolution from medieval lanes to baroque facades and modernist interventions.
INT-AC-00050,Cultural Dance Show,Toronto,Canada,"41 Old Town, CN Tower, Toronto, Canada",Culture,Multicultural; Friendly; Urban,Summer; Autumn,100,4.9,Couple,3 hrs,"An evening performance showcasing traditional folk dances, live music, and costume, followed by a meet-the-artists session backstage."
INT-AC-00051,Traditional Craft Workshop,Tokyo,Japan,"170 Old Town, Shinjuku, Tokyo, Japan",Culture,Bustling; Modern; Traditional,Spring; Autumn,120,4.8,Couple,2 hrs,"A two-hour hands-on session learning a regional craft — ceramics, weaving, or bookbinding — guided by a master artisan."
INT-AC-00052,Photography City Tour,Paris,France,"28 Heritage Square, Le Marais, Paris, France",Culture,Romantic; Artistic; Chic,Spring; Summer; Autumn,55,4.9,Solo,3 hrs,"A guided photo walk through the city's most photogenic corners, with tips on composition, light, and storytelling from a professional photographer."
INT-AC-00053,Street Art & Graffiti Tour,Brisbane,Australia,"53 Old Town, CBD, Brisbane, Australia",Culture,Outdoorsy; Relaxed; Sunny,Spring; Autumn; Winter,70,4.2,Solo,2 hrs,"A highly rated local experience offering an authentic taste of the destination's culture, cuisine, and character."
INT-AC-00054,Local Neighbourhood Walk,Berlin,Germany,"163 Heritage Square, Mitte, Berlin, Germany",Culture,Edgy; Creative; Historic,Spring; Summer,40,4.5,Group,2 hrs,"A highly rated local experience offering an authentic taste of the destination's culture, cuisine, and character."
INT-AC-00055,Dubai Bike Tour,Dubai,UAE,"198 National Park Gate, Marina, Dubai, UAE",Adventure,Luxurious; Futuristic; Vibrant,Spring; Winter,65,4.8,Solo,3 hrs,"A highly rated local experience offering an authentic taste of the destination's culture, cuisine, and character."
INT-AC-00056,River Kayaking Experience,Singapore,Singapore,"142 Outdoor Centre, Orchard, Singapore, Singapore",Adventure,Modern; Multicultural; Clean,Spring; Summer; Autumn; Winter,85,4.6,Solo,4 hrs,"Paddle through scenic river gorges with an experienced instructor — safety gear, refreshments, and transport included."
INT-AC-00057,Sunset Sailing Cruise,London,UK,"177 Adventure Hub, Covent Garden, London, UK",Adventure,Historic; Cosmopolitan; Eclectic,Spring; Summer,170,4.4,Couple,3 hrs,"A two-hour sunset cruise aboard a traditional sailing vessel, with canapés, local wine, and panoramic views of the city skyline."
INT-AC-00058,Jungle Trekking Adventure,New York,USA,"33 Outdoor Centre, Brooklyn, New York, USA",Adventure,Fast-paced; Iconic; Diverse,Spring; Autumn,80,4.5,Solo,4 hrs,"Half-day guided trek through primary rainforest, spotting endemic wildlife and crossing rope bridges, concluding with a riverside picnic."
INT-AC-00059,Desert Safari Experience,Sydney,Australia,"175 Wharf, Manly, Sydney, Australia",Adventure,Beach; Outdoorsy; Vibrant,Spring; Summer; Autumn,205,4.3,Group,5 hrs,"Dune-bashing by 4WD followed by a Bedouin-style camp dinner under the stars, with camel rides, henna, and live music included."
INT-AC-00060,Rock Climbing Bangkok,Bangkok,Thailand,"61 Wharf, Sukhumvit, Bangkok, Thailand",Adventure,Lively; Spiritual; Street food,Spring; Winter,85,4.7,Group,6 hrs,"A highly rated local experience offering an authentic taste of the destination's culture, cuisine, and character."
INT-AC-00061,Scuba Diving Lesson,Barcelona,Spain,"46 Adventure Hub, Eixample, Barcelona, Spain",Adventure,Artistic; Beach; Festive,Spring; Summer,110,5.0,Couple,6 hrs,"PADI-certified introductory dive in crystal-clear coastal waters, covering basic techniques in a confined pool before an open-water experience."
INT-AC-00062,Hot Air Balloon Ride,Rome,Italy,"41 National Park Gate, Campo de Fiori, Rome, Italy",Adventure,Historic; Romantic; Culinary,Spring; Autumn,440,4.9,Group,4 hrs,"Float over the city at dawn in a private basket, watching the landscape emerge in golden light with a champagne breakfast on landing."
INT-AC-00063,Zip Line Forest Canopy,Amsterdam,Netherlands,"52 Wharf, Jordaan, Amsterdam, Netherlands",Adventure,Liberal; Charming; Cycling-friendly,Spring; Summer,80,4.4,Group,6 hrs,"Fly through the forest canopy on a multi-line zip circuit up to 200 m long, with safety briefing, harness fitting, and photos included."
INT-AC-00064,Stand-Up Paddleboard Tour,Seoul,South Korea,"169 Adventure Hub, Hongdae, Seoul, South Korea",Adventure,Trendy; K-pop; Foodie,Spring; Autumn,75,4.3,Solo,4 hrs,"Guided SUP tour along calm coastal or river waterways, exploring hidden coves and sea caves only accessible from the water."
INT-AC-00065,Coastal Cliff Walk,Bali,Indonesia,"90 National Park Gate, Canggu, Bali, Indonesia",Adventure,Spiritual; Tropical; Bohemian,Spring; Summer; Autumn,40,4.4,Group,3 hrs,"A highly rated local experience offering an authentic taste of the destination's culture, cuisine, and character."
INT-AC-00066,Night Kayaking Tour,Cape Town,South Africa,"67 Adventure Hub, V&A Waterfront, Cape Town, South Africa",Adventure,Scenic; Adventurous; Diverse,Summer; Autumn,140,4.4,Couple,3 hrs,"A highly rated local experience offering an authentic taste of the destination's culture, cuisine, and character."
INT-AC-00067,Harbour Sunset Cruise,Kyoto,Japan,"153 Wellness Centre, Arashiyama, Kyoto, Japan",Relaxation,Serene; Traditional; Cultural,Spring; Autumn,75,4.6,Group,3 hrs,"A scenic evening cruise around the harbour with cocktails, local cheese, and a live acoustic duo as the city lights come on."
INT-AC-00068,Spa & Wellness Half Day,Vienna,Austria,"99 Wellness Centre, Prater, Vienna, Austria",Relaxation,Imperial; Musical; Café culture,Spring; Summer,135,4.3,Solo,4 hrs,"Four hours of treatments including a traditional massage, thermal pools, and a skin ritual using locally sourced botanicals."
INT-AC-00069,Rooftop Bar Sunset Experience,Istanbul,Turkey,"1 Sky Lounge, Sultanahmet, Istanbul, Turkey",Relaxation,Historic; Exotic; East-meets-West,Spring; Autumn,75,4.2,Couple,5 hrs,"Reserved rooftop terrace access during golden hour, with a curated cocktail menu and 360-degree views over the city's skyline."
INT-AC-00070,City Panorama Cable Car,Lisbon,Portugal,"18 Sky Lounge, Bairro Alto, Lisbon, Portugal",Relaxation,Soulful; Coastal; Affordable,Spring; Summer; Autumn,65,4.9,Solo,4 hrs,"Ride historic gondolas to the city's highest viewpoint, with optional guided commentary and a café terrace at the summit."
INT-AC-00071,Morning Yoga & Meditation,Prague,Czech Republic,"130 Spa Quarter, Žižkov, Prague, Czech Republic",Relaxation,Fairy-tale; Beer culture; Gothic,Spring; Summer,45,4.6,Solo,5 hrs,"A highly rated local experience offering an authentic taste of the destination's culture, cuisine, and character."
INT-AC-00072,Thermal Baths & Spa,Maldives,Maldives,"142 Spa Quarter, North Malé Atoll, Maldives, Maldives",Relaxation,Luxury; Tropical; Remote,Spring; Winter,65,4.7,Couple,4 hrs,"A highly rated local experience offering an authentic taste of the destination's culture, cuisine, and character."
INT-AC-00073,Zurich Food Tour,Zurich,Switzerland,"158 Street Food Alley, Niederdorf, Zurich, Switzerland",Food,Clean; Alpine; Upscale,Summer; Autumn,60,4.2,Solo,3 hrs,"A highly rated local experience offering an authentic taste of the destination's culture, cuisine, and character."
INT-AC-00074,Los Angeles Cooking Class,Los Angeles,USA,"54 Night Bazaar, Venice, Los Angeles, USA",Food,Sunny; Creative; Beach,Spring; Summer; Autumn,150,4.3,Group,3 hrs,"A highly rated local experience offering an authentic taste of the destination's culture, cuisine, and character."
INT-AC-00075,Street Food Night Walk Toronto,Toronto,Canada,"114 Harbour Kitchen, Distillery District, Toronto, Canada",Food,Multicultural; Friendly; Urban,Summer; Autumn,60,4.8,Solo,3 hrs,"A highly rated local experience offering an authentic taste of the destination's culture, cuisine, and character."
INT-AC-00076,Sushi Making Workshop,Tokyo,Japan,"169 Street Food Alley, Shibuya, Tokyo, Japan",Food,Bustling; Modern; Traditional,Spring; Autumn,145,4.2,Couple,4 hrs,"Hands-on session teaching rice preparation, fish selection, and rolling technique — finish by eating your creations with sake pairings."
INT-AC-00077,Wine & Cheese Tasting,Paris,France,"173 Street Food Alley, Champs-Élysées, Paris, France",Food,Romantic; Artistic; Chic,Spring; Summer; Autumn,70,4.3,Group,2 hrs,"Curated tasting of local and imported wines paired with artisan cheeses, hosted in a cellar setting with a certified sommelier."
INT-AC-00078,Local Market Food Experience,Brisbane,Australia,"12 Market Lane, South Bank, Brisbane, Australia",Food,Outdoorsy; Relaxed; Sunny,Spring; Autumn; Winter,50,4.2,Solo,2 hrs,"Navigate a vibrant local produce market with a chef guide, sampling seasonal specialities and learning the stories behind each ingredient."
INT-AC-00079,Craft Beer & Brewery Tour,Berlin,Germany,"162 Harbour Kitchen, Prenzlauer Berg, Berlin, Germany",Food,Edgy; Creative; Historic,Spring; Summer,70,5.0,Group,3 hrs,"A highly rated local experience offering an authentic taste of the destination's culture, cuisine, and character."
INT-AC-00080,Farm-to-Table Dinner Experience,Dubai,UAE,"63 Harbour Kitchen, Jumeirah, Dubai, UAE",Food,Luxurious; Futuristic; Vibrant,Spring; Winter,165,4.2,Group,3 hrs,"A highly rated local experience offering an authentic taste of the destination's culture, cuisine, and character."
INT-AC-00081,Singapore History Walking Tour,Singapore,Singapore,"57 Cultural Precinct, Marina Bay, Singapore, Singapore",Culture,Modern; Multicultural; Clean,Spring; Summer; Autumn; Winter,45,4.7,Solo,2 hrs,"A highly rated local experience offering an authentic taste of the destination's culture, cuisine, and character."
INT-AC-00082,Museum Skip-the-Line Tour,London,UK,"32 Museum District, Shoreditch, London, UK",Culture,Historic; Cosmopolitan; Eclectic,Spring; Summer,50,4.8,Couple,2 hrs,"Fast-track entry and an in-depth guided tour of the city's premier museum, covering highlights and hidden gems in under three hours."
INT-AC-00083,New York Art Gallery Visit,New York,USA,"157 Cultural Precinct, SoHo, New York, USA",Culture,Fast-paced; Iconic; Diverse,Spring; Autumn,55,4.1,Couple,3 hrs,"A highly rated local experience offering an authentic taste of the destination's culture, cuisine, and character."
INT-AC-00084,Ancient Temple Morning Walk,Sydney,Australia,"116 Cultural Precinct, Circular Quay, Sydney, Australia",Culture,Beach; Outdoorsy; Vibrant,Spring; Summer; Autumn,60,4.4,Group,2 hrs,"Early-morning visit to a UNESCO-listed temple complex at sunrise, experiencing rituals and peaceful courtyards before tourist crowds arrive."
INT-AC-00085,Old Town Architecture Tour,Bangkok,Thailand,"71 Museum District, Old City, Bangkok, Thailand",Culture,Lively; Spiritual; Street food,Spring; Winter,55,4.8,Couple,3 hrs,A 90-minute walking tour tracing the city's architectural evolution from medieval lanes to baroque facades and modernist interventions.
INT-AC-00086,Cultural Dance Show,Barcelona,Spain,"86 Old Town, Barceloneta, Barcelona, Spain",Culture,Artistic; Beach; Festive,Spring; Summer,110,4.1,Group,2 hrs,"An evening performance showcasing traditional folk dances, live music, and costume, followed by a meet-the-artists session backstage."
INT-AC-00087,Traditional Craft Workshop,Rome,Italy,"60 Museum District, Trastevere, Rome, Italy",Culture,Historic; Romantic; Culinary,Spring; Autumn,105,4.9,Group,2 hrs,"A two-hour hands-on session learning a regional craft — ceramics, weaving, or bookbinding — guided by a master artisan."
INT-AC-00088,Photography City Tour,Amsterdam,Netherlands,"105 Cultural Precinct, De Pijp, Amsterdam, Netherlands",Culture,Liberal; Charming; Cycling-friendly,Spring; Summer,75,4.7,Solo,2 hrs,"A guided photo walk through the city's most photogenic corners, with tips on composition, light, and storytelling from a professional photographer."
INT-AC-00089,Street Art & Graffiti Tour,Seoul,South Korea,"108 Museum District, Insadong, Seoul, South Korea",Culture,Trendy; K-pop; Foodie,Spring; Autumn,55,4.5,Solo,2 hrs,"A highly rated local experience offering an authentic taste of the destination's culture, cuisine, and character."
INT-AC-00090,Local Neighbourhood Walk,Bali,Indonesia,"2 Cultural Precinct, Seminyak, Bali, Indonesia",Culture,Spiritual; Tropical; Bohemian,Spring; Summer; Autumn,50,4.9,Solo,3 hrs,"A highly rated local experience offering an authentic taste of the destination's culture, cuisine, and character."
INT-AC-00091,Cape Town Bike Tour,Cape Town,South Africa,"125 Wharf, Gardens, Cape Town, South Africa",Adventure,Scenic; Adventurous; Diverse,Summer; Autumn,60,4.3,Group,6 hrs,"A highly rated local experience offering an authentic taste of the destination's culture, cuisine, and character."
INT-AC-00092,River Kayaking Experience,Kyoto,Japan,"87 Outdoor Centre, Fushimi, Kyoto, Japan",Adventure,Serene; Traditional; Cultural,Spring; Autumn,100,4.3,Solo,3 hrs,"Paddle through scenic river gorges with an experienced instructor — safety gear, refreshments, and transport included."
INT-AC-00093,Sunset Sailing Cruise,Vienna,Austria,"33 Outdoor Centre, Innere Stadt, Vienna, Austria",Adventure,Imperial; Musical; Café culture,Spring; Summer,165,4.7,Group,4 hrs,"A two-hour sunset cruise aboard a traditional sailing vessel, with canapés, local wine, and panoramic views of the city skyline."
INT-AC-00094,Jungle Trekking Adventure,Istanbul,Turkey,"165 Adventure Hub, Beyoğlu, Istanbul, Turkey",Adventure,Historic; Exotic; East-meets-West,Spring; Autumn,140,4.5,Solo,3 hrs,"Half-day guided trek through primary rainforest, spotting endemic wildlife and crossing rope bridges, concluding with a riverside picnic."
INT-AC-00095,Desert Safari Experience,Lisbon,Portugal,"67 Adventure Hub, Belém, Lisbon, Portugal",Adventure,Soulful; Coastal; Affordable,Spring; Summer; Autumn,255,4.1,Couple,4 hrs,"Dune-bashing by 4WD followed by a Bedouin-style camp dinner under the stars, with camel rides, henna, and live music included."
INT-AC-00096,Rock Climbing Prague,Prague,Czech Republic,"195 National Park Gate, Old Town, Prague, Czech Republic",Adventure,Fairy-tale; Beer culture; Gothic,Spring; Summer,105,4.3,Group,5 hrs,"A highly rated local experience offering an authentic taste of the destination's culture, cuisine, and character."
INT-AC-00097,Scuba Diving Lesson,Maldives,Maldives,"121 Adventure Hub, Baa Atoll, Maldives, Maldives",Adventure,Luxury; Tropical; Remote,Spring; Winter,140,4.3,Solo,5 hrs,"PADI-certified introductory dive in crystal-clear coastal waters, covering basic techniques in a confined pool before an open-water experience."
INT-AC-00098,Hot Air Balloon Ride,Zurich,Switzerland,"167 Wharf, Enge, Zurich, Switzerland",Adventure,Clean; Alpine; Upscale,Summer; Autumn,255,4.7,Couple,5 hrs,"Float over the city at dawn in a private basket, watching the landscape emerge in golden light with a champagne breakfast on landing."
INT-AC-00099,Zip Line Forest Canopy,Los Angeles,USA,"52 Wharf, Hollywood, Los Angeles, USA",Adventure,Sunny; Creative; Beach,Spring; Summer; Autumn,75,4.8,Group,3 hrs,"Fly through the forest canopy on a multi-line zip circuit up to 200 m long, with safety briefing, harness fitting, and photos included."
INT-AC-00100,Stand-Up Paddleboard Tour,Toronto,Canada,"172 Outdoor Centre, Kensington, Toronto, Canada",Adventure,Multicultural; Friendly; Urban,Summer; Autumn,45,4.6,Solo,4 hrs,"Guided SUP tour along calm coastal or river waterways, exploring hidden coves and sea caves only accessible from the water."
INT-AC-00101,Coastal Cliff Walk,Tokyo,Japan,"197 National Park Gate, Asakusa, Tokyo, Japan",Adventure,Bustling; Modern; Traditional,Spring; Autumn,35,4.6,Solo,6 hrs,"A highly rated local experience offering an authentic taste of the destination's culture, cuisine, and character."
INT-AC-00102,Night Kayaking Tour,Paris,France,"28 National Park Gate, Montmartre, Paris, France",Adventure,Romantic; Artistic; Chic,Spring; Summer; Autumn,120,4.2,Group,4 hrs,"A highly rated local experience offering an authentic taste of the destination's culture, cuisine, and character."
INT-AC-00103,Harbour Sunset Cruise,Brisbane,Australia,"102 Sky Lounge, Fortitude Valley, Brisbane, Australia",Relaxation,Outdoorsy; Relaxed; Sunny,Spring; Autumn; Winter,130,4.0,Group,5 hrs,"A scenic evening cruise around the harbour with cocktails, local cheese, and a live acoustic duo as the city lights come on."
INT-AC-00104,Spa & Wellness Half Day,Berlin,Germany,"27 Rooftop Terrace, Kreuzberg, Berlin, Germany",Relaxation,Edgy; Creative; Historic,Spring; Summer,200,4.7,Couple,5 hrs,"Four hours of treatments including a traditional massage, thermal pools, and a skin ritual using locally sourced botanicals."
INT-AC-00105,Rooftop Bar Sunset Experience,Dubai,UAE,"89 Wellness Centre, Downtown Dubai, Dubai, UAE",Relaxation,Luxurious; Futuristic; Vibrant,Spring; Winter,85,4.8,Couple,5 hrs,"Reserved rooftop terrace access during golden hour, with a curated cocktail menu and 360-degree views over the city's skyline."
INT-AC-00106,City Panorama Cable Car,Singapore,Singapore,"4 Spa Quarter, Chinatown, Singapore, Singapore",Relaxation,Modern; Multicultural; Clean,Spring; Summer; Autumn; Winter,65,4.4,Couple,3 hrs,"Ride historic gondolas to the city's highest viewpoint, with optional guided commentary and a café terrace at the summit."
INT-AC-00107,Morning Yoga & Meditation,London,UK,"163 Spa Quarter, Kensington, London, UK",Relaxation,Historic; Cosmopolitan; Eclectic,Spring; Summer,50,4.8,Solo,4 hrs,"A highly rated local experience offering an authentic taste of the destination's culture, cuisine, and character."
INT-AC-00108,Thermal Baths & Spa,New York,USA,"188 Rooftop Terrace, Midtown, New York, USA",Relaxation,Fast-paced; Iconic; Diverse,Spring; Autumn,100,4.5,Solo,4 hrs,"A highly rated local experience offering an authentic taste of the destination's culture, cuisine, and character."
INT-AC-00109,Sydney Food Tour,Sydney,Australia,"120 Harbour Kitchen, Bondi, Sydney, Australia",Food,Beach; Outdoorsy; Vibrant,Spring; Summer; Autumn,110,5.0,Couple,4 hrs,"A highly rated local experience offering an authentic taste of the destination's culture, cuisine, and character."
INT-AC-00110,Bangkok Cooking Class,Bangkok,Thailand,"23 Street Food Alley, Silom, Bangkok, Thailand",Food,Lively; Spiritual; Street food,Spring; Winter,135,4.8,Couple,3 hrs,"A highly rated local experience offering an authentic taste of the destination's culture, cuisine, and character."
INT-AC-00111,Street Food Night Walk Barcelona,Barcelona,Spain,"87 Harbour Kitchen, Gothic Quarter, Barcelona, Spain",Food,Artistic; Beach; Festive,Spring; Summer,50,4.9,Group,3 hrs,"A highly rated local experience offering an authentic taste of the destination's culture, cuisine, and character."
INT-AC-00112,Sushi Making Workshop,Rome,Italy,"55 Harbour Kitchen, Colosseum, Rome, Italy",Food,Historic; Romantic; Culinary,Spring; Autumn,100,4.5,Couple,2 hrs,"Hands-on session teaching rice preparation, fish selection, and rolling technique — finish by eating your creations with sake pairings."
INT-AC-00113,Wine & Cheese Tasting,Amsterdam,Netherlands,"143 Night Bazaar, Museumplein, Amsterdam, Netherlands",Food,Liberal; Charming; Cycling-friendly,Spring; Summer,105,4.8,Group,3 hrs,"Curated tasting of local and imported wines paired with artisan cheeses, hosted in a cellar setting with a certified sommelier."
INT-AC-00114,Local Market Food Experience,Seoul,South Korea,"185 Street Food Alley, Gangnam, Seoul, South Korea",Food,Trendy; K-pop; Foodie,Spring; Autumn,30,4.5,Solo,2 hrs,"Navigate a vibrant local produce market with a chef guide, sampling seasonal specialities and learning the stories behind each ingredient."
INT-AC-00115,Craft Beer & Brewery Tour,Bali,Indonesia,"166 Harbour Kitchen, Ubud, Bali, Indonesia",Food,Spiritual; Tropical; Bohemian,Spring; Summer; Autumn,80,4.5,Group,4 hrs,"A highly rated local experience offering an authentic taste of the destination's culture, cuisine, and character."
INT-AC-00116,Farm-to-Table Dinner Experience,Cape Town,South Africa,"57 Night Bazaar, Sea Point, Cape Town, South Africa",Food,Scenic; Adventurous; Diverse,Summer; Autumn,150,4.4,Couple,2 hrs,"A highly rated local experience offering an authentic taste of the destination's culture, cuisine, and character."
INT-AC-00117,Kyoto History Walking Tour,Kyoto,Japan,"142 Cultural Precinct, Gion, Kyoto, Japan",Culture,Serene; Traditional; Cultural,Spring; Autumn,60,4.7,Group,3 hrs,"A highly rated local experience offering an authentic taste of the destination's culture, cuisine, and character."
INT-AC-00118,Museum Skip-the-Line Tour,Vienna,Austria,"70 Cultural Precinct, Naschmarkt, Vienna, Austria",Culture,Imperial; Musical; Café culture,Spring; Summer,75,4.3,Couple,3 hrs,"Fast-track entry and an in-depth guided tour of the city's premier museum, covering highlights and hidden gems in under three hours."
INT-AC-00119,Istanbul Art Gallery Visit,Istanbul,Turkey,"31 Old Town, Kadıköy, Istanbul, Turkey",Culture,Historic; Exotic; East-meets-West,Spring; Autumn,45,4.3,Solo,2 hrs,"A highly rated local experience offering an authentic taste of the destination's culture, cuisine, and character."
INT-AC-00120,Ancient Temple Morning Walk,Lisbon,Portugal,"190 Museum District, Alfama, Lisbon, Portugal",Culture,Soulful; Coastal; Affordable,Spring; Summer; Autumn,65,5.0,Solo,2 hrs,"Early-morning visit to a UNESCO-listed temple complex at sunrise, experiencing rituals and peaceful courtyards before tourist crowds arrive."
INT-AC-00121,Old Town Architecture Tour,Prague,Czech Republic,"76 Museum District, Malá Strana, Prague, Czech Republic",Culture,Fairy-tale; Beer culture; Gothic,Spring; Summer,70,4.3,Couple,2 hrs,A 90-minute walking tour tracing the city's architectural evolution from medieval lanes to baroque facades and modernist interventions.
INT-AC-00122,Cultural Dance Show,Maldives,Maldives,"71 Museum District, North Malé Atoll, Maldives, Maldives",Culture,Luxury; Tropical; Remote,Spring; Winter,85,4.4,Group,2 hrs,"An evening performance showcasing traditional folk dances, live music, and costume, followed by a meet-the-artists session backstage."
INT-AC-00123,Traditional Craft Workshop,Zurich,Switzerland,"27 Cultural Precinct, Altstadt, Zurich, Switzerland",Culture,Clean; Alpine; Upscale,Summer; Autumn,70,5.0,Couple,2 hrs,"A two-hour hands-on session learning a regional craft — ceramics, weaving, or bookbinding — guided by a master artisan."
INT-AC-00124,Photography City Tour,Los Angeles,USA,"113 Cultural Precinct, Santa Monica, Los Angeles, USA",Culture,Sunny; Creative; Beach,Spring; Summer; Autumn,105,4.0,Couple,3 hrs,"A guided photo walk through the city's most photogenic corners, with tips on composition, light, and storytelling from a professional photographer."
INT-AC-00125,Street Art & Graffiti Tour,Toronto,Canada,"30 Cultural Precinct, CN Tower, Toronto, Canada",Culture,Multicultural; Friendly; Urban,Summer; Autumn,55,4.2,Group,3 hrs,"A highly rated local experience offering an authentic taste of the destination's culture, cuisine, and character."
INT-AC-00126,Local Neighbourhood Walk,Tokyo,Japan,"39 Museum District, Shinjuku, Tokyo, Japan",Culture,Bustling; Modern; Traditional,Spring; Autumn,30,4.4,Solo,2 hrs,"A highly rated local experience offering an authentic taste of the destination's culture, cuisine, and character."
INT-AC-00127,Paris Bike Tour,Paris,France,"143 Adventure Hub, Le Marais, Paris, France",Adventure,Romantic; Artistic; Chic,Spring; Summer; Autumn,75,4.9,Solo,4 hrs,"A highly rated local experience offering an authentic taste of the destination's culture, cuisine, and character."
INT-AC-00128,River Kayaking Experience,Brisbane,Australia,"114 Outdoor Centre, CBD, Brisbane, Australia",Adventure,Outdoorsy; Relaxed; Sunny,Spring; Autumn; Winter,125,4.6,Group,6 hrs,"Paddle through scenic river gorges with an experienced instructor — safety gear, refreshments, and transport included."
INT-AC-00129,Sunset Sailing Cruise,Berlin,Germany,"157 Adventure Hub, Mitte, Berlin, Germany",Adventure,Edgy; Creative; Historic,Spring; Summer,120,4.9,Group,5 hrs,"A two-hour sunset cruise aboard a traditional sailing vessel, with canapés, local wine, and panoramic views of the city skyline."
INT-AC-00130,Jungle Trekking Adventure,Dubai,UAE,"170 National Park Gate, Marina, Dubai, UAE",Adventure,Luxurious; Futuristic; Vibrant,Spring; Winter,70,4.9,Group,4 hrs,"Half-day guided trek through primary rainforest, spotting endemic wildlife and crossing rope bridges, concluding with a riverside picnic."
INT-AC-00131,Desert Safari Experience,Singapore,Singapore,"1 Wharf, Orchard, Singapore, Singapore",Adventure,Modern; Multicultural; Clean,Spring; Summer; Autumn; Winter,210,4.2,Group,3 hrs,"Dune-bashing by 4WD followed by a Bedouin-style camp dinner under the stars, with camel rides, henna, and live music included."
INT-AC-00132,Rock Climbing London,London,UK,"60 Adventure Hub, Covent Garden, London, UK",Adventure,Historic; Cosmopolitan; Eclectic,Spring; Summer,105,4.5,Group,5 hrs,"A highly rated local experience offering an authentic taste of the destination's culture, cuisine, and character."
INT-AC-00133,Scuba Diving Lesson,New York,USA,"68 Wharf, Brooklyn, New York, USA",Adventure,Fast-paced; Iconic; Diverse,Spring; Autumn,125,4.7,Solo,3 hrs,"PADI-certified introductory dive in crystal-clear coastal waters, covering basic techniques in a confined pool before an open-water experience."
INT-AC-00134,Hot Air Balloon Ride,Sydney,Australia,"140 Adventure Hub, Manly, Sydney, Australia",Adventure,Beach; Outdoorsy; Vibrant,Spring; Summer; Autumn,410,4.6,Couple,6 hrs,"Float over the city at dawn in a private basket, watching the landscape emerge in golden light with a champagne breakfast on landing."
INT-AC-00135,Zip Line Forest Canopy,Bangkok,Thailand,"16 Adventure Hub, Sukhumvit, Bangkok, Thailand",Adventure,Lively; Spiritual; Street food,Spring; Winter,95,4.6,Solo,4 hrs,"Fly through the forest canopy on a multi-line zip circuit up to 200 m long, with safety briefing, harness fitting, and photos included."
INT-AC-00136,Stand-Up Paddleboard Tour,Barcelona,Spain,"120 Adventure Hub, Eixample, Barcelona, Spain",Adventure,Artistic; Beach; Festive,Spring; Summer,55,4.8,Couple,6 hrs,"Guided SUP tour along calm coastal or river waterways, exploring hidden coves and sea caves only accessible from the water."
INT-AC-00137,Coastal Cliff Walk,Rome,Italy,"21 Outdoor Centre, Campo de Fiori, Rome, Italy",Adventure,Historic; Romantic; Culinary,Spring; Autumn,50,4.7,Group,6 hrs,"A highly rated local experience offering an authentic taste of the destination's culture, cuisine, and character."
INT-AC-00138,Night Kayaking Tour,Amsterdam,Netherlands,"24 Adventure Hub, Jordaan, Amsterdam, Netherlands",Adventure,Liberal; Charming; Cycling-friendly,Spring; Summer,80,4.9,Couple,5 hrs,"A highly rated local experience offering an authentic taste of the destination's culture, cuisine, and character."
INT-AC-00139,Harbour Sunset Cruise,Seoul,South Korea,"148 Spa Quarter, Hongdae, Seoul, South Korea",Relaxation,Trendy; K-pop; Foodie,Spring; Autumn,85,5.0,Couple,5 hrs,"A scenic evening cruise around the harbour with cocktails, local cheese, and a live acoustic duo as the city lights come on."
INT-AC-00140,Spa & Wellness Half Day,Bali,Indonesia,"72 Sky Lounge, Canggu, Bali, Indonesia",Relaxation,Spiritual; Tropical; Bohemian,Spring; Summer; Autumn,85,4.8,Couple,4 hrs,"Four hours of treatments including a traditional massage, thermal pools, and a skin ritual using locally sourced botanicals."
INT-AC-00141,Rooftop Bar Sunset Experience,Cape Town,South Africa,"24 Sky Lounge, V&A Waterfront, Cape Town, South Africa",Relaxation,Scenic; Adventurous; Diverse,Summer; Autumn,50,5.0,Group,5 hrs,"Reserved rooftop terrace access during golden hour, with a curated cocktail menu and 360-degree views over the city's skyline."
INT-AC-00142,City Panorama Cable Car,Kyoto,Japan,"42 Wellness Centre, Arashiyama, Kyoto, Japan",Relaxation,Serene; Traditional; Cultural,Spring; Autumn,60,4.3,Couple,4 hrs,"Ride historic gondolas to the city's highest viewpoint, with optional guided commentary and a café terrace at the summit."
INT-AC-00143,Morning Yoga & Meditation,Vienna,Austria,"195 Sky Lounge, Prater, Vienna, Austria",Relaxation,Imperial; Musical; Café culture,Spring; Summer,45,4.4,Couple,4 hrs,"A highly rated local experience offering an authentic taste of the destination's culture, cuisine, and character."
INT-AC-00144,Thermal Baths & Spa,Istanbul,Turkey,"83 Spa Quarter, Sultanahmet, Istanbul, Turkey",Relaxation,Historic; Exotic; East-meets-West,Spring; Autumn,80,4.0,Solo,4 hrs,"A highly rated local experience offering an authentic taste of the destination's culture, cuisine, and character."
INT-AC-00145,Lisbon Food Tour,Lisbon,Portugal,"169 Market Lane, Bairro Alto, Lisbon, Portugal",Food,Soulful; Coastal; Affordable,Spring; Summer; Autumn,60,5.0,Couple,4 hrs,"A highly rated local experience offering an authentic taste of the destination's culture, cuisine, and character."
INT-AC-00146,Prague Cooking Class,Prague,Czech Republic,"160 Night Bazaar, Žižkov, Prague, Czech Republic",Food,Fairy-tale; Beer culture; Gothic,Spring; Summer,150,4.5,Group,2 hrs,"A highly rated local experience offering an authentic taste of the destination's culture, cuisine, and character."
INT-AC-00147,Street Food Night Walk Maldives,Maldives,Maldives,"141 Night Bazaar, Baa Atoll, Maldives, Maldives",Food,Luxury; Tropical; Remote,Spring; Winter,65,4.6,Group,2 hrs,"A highly rated local experience offering an authentic taste of the destination's culture, cuisine, and character."
INT-AC-00148,Sushi Making Workshop,Zurich,Switzerland,"32 Harbour Kitchen, Niederdorf, Zurich, Switzerland",Food,Clean; Alpine; Upscale,Summer; Autumn,110,4.9,Couple,4 hrs,"Hands-on session teaching rice preparation, fish selection, and rolling technique — finish by eating your creations with sake pairings."
INT-AC-00149,Wine & Cheese Tasting,Los Angeles,USA,"80 Street Food Alley, Venice, Los Angeles, USA",Food,Sunny; Creative; Beach,Spring; Summer; Autumn,65,5.0,Couple,4 hrs,"Curated tasting of local and imported wines paired with artisan cheeses, hosted in a cellar setting with a certified sommelier."
INT-AC-00150,Local Market Food Experience,Toronto,Canada,"30 Street Food Alley, Distillery District, Toronto, Canada",Food,Multicultural; Friendly; Urban,Summer; Autumn,65,4.0,Group,2 hrs,"Navigate a vibrant local produce market with a chef guide, sampling seasonal specialities and learning the stories behind each ingredient."
INT-AC-00151,Craft Beer & Brewery Tour,Tokyo,Japan,"131 Night Bazaar, Shibuya, Tokyo, Japan",Food,Bustling; Modern; Traditional,Spring; Autumn,85,4.9,Group,3 hrs,"A highly rated local experience offering an authentic taste of the destination's culture, cuisine, and character."
INT-AC-00152,Farm-to-Table Dinner Experience,Paris,France,"117 Street Food Alley, Champs-Élysées, Paris, France",Food,Romantic; Artistic; Chic,Spring; Summer; Autumn,180,4.3,Group,3 hrs,"A highly rated local experience offering an authentic taste of the destination's culture, cuisine, and character."
INT-AC-00153,Brisbane History Walking Tour,Brisbane,Australia,"71 Heritage Square, South Bank, Brisbane, Australia",Culture,Outdoorsy; Relaxed; Sunny,Spring; Autumn; Winter,70,4.1,Solo,2 hrs,"A highly rated local experience offering an authentic taste of the destination's culture, cuisine, and character."
INT-AC-00154,Museum Skip-the-Line Tour,Berlin,Germany,"1 Old Town, Prenzlauer Berg, Berlin, Germany",Culture,Edgy; Creative; Historic,Spring; Summer,90,4.8,Couple,3 hrs,"Fast-track entry and an in-depth guided tour of the city's premier museum, covering highlights and hidden gems in under three hours."
INT-AC-00155,Dubai Art Gallery Visit,Dubai,UAE,"138 Cultural Precinct, Jumeirah, Dubai, UAE",Culture,Luxurious; Futuristic; Vibrant,Spring; Winter,45,4.7,Couple,2 hrs,"A highly rated local experience offering an authentic taste of the destination's culture, cuisine, and character."
INT-AC-00156,Ancient Temple Morning Walk,Singapore,Singapore,"49 Old Town, Marina Bay, Singapore, Singapore",Culture,Modern; Multicultural; Clean,Spring; Summer; Autumn; Winter,60,4.3,Group,3 hrs,"Early-morning visit to a UNESCO-listed temple complex at sunrise, experiencing rituals and peaceful courtyards before tourist crowds arrive."
INT-AC-00157,Old Town Architecture Tour,London,UK,"12 Cultural Precinct, Shoreditch, London, UK",Culture,Historic; Cosmopolitan; Eclectic,Spring; Summer,85,4.2,Couple,2 hrs,A 90-minute walking tour tracing the city's architectural evolution from medieval lanes to baroque facades and modernist interventions.
INT-AC-00158,Cultural Dance Show,New York,USA,"127 Museum District, SoHo, New York, USA",Culture,Fast-paced; Iconic; Diverse,Spring; Autumn,95,4.7,Group,3 hrs,"An evening performance showcasing traditional folk dances, live music, and costume, followed by a meet-the-artists session backstage."
INT-AC-00159,Traditional Craft Workshop,Sydney,Australia,"26 Cultural Precinct, Circular Quay, Sydney, Australia",Culture,Beach; Outdoorsy; Vibrant,Spring; Summer; Autumn,70,4.1,Couple,2 hrs,"A two-hour hands-on session learning a regional craft — ceramics, weaving, or bookbinding — guided by a master artisan."
INT-AC-00160,Photography City Tour,Bangkok,Thailand,"168 Cultural Precinct, Old City, Bangkok, Thailand",Culture,Lively; Spiritual; Street food,Spring; Winter,85,4.9,Solo,2 hrs,"A guided photo walk through the city's most photogenic corners, with tips on composition, light, and storytelling from a professional photographer."
INT-AC-00161,Street Art & Graffiti Tour,Barcelona,Spain,"167 Cultural Precinct, Barceloneta, Barcelona, Spain",Culture,Artistic; Beach; Festive,Spring; Summer,45,4.1,Solo,3 hrs,"A highly rated local experience offering an authentic taste of the destination's culture, cuisine, and character."
INT-AC-00162,Local Neighbourhood Walk,Rome,Italy,"139 Cultural Precinct, Trastevere, Rome, Italy",Culture,Historic; Romantic; Culinary,Spring; Autumn,30,4.9,Group,3 hrs,"A highly rated local experience offering an authentic taste of the destination's culture, cuisine, and character."
INT-AC-00163,Amsterdam Bike Tour,Amsterdam,Netherlands,"192 Wharf, De Pijp, Amsterdam, Netherlands",Adventure,Liberal; Charming; Cycling-friendly,Spring; Summer,40,4.6,Solo,5 hrs,"A highly rated local experience offering an authentic taste of the destination's culture, cuisine, and character."
INT-AC-00164,River Kayaking Experience,Seoul,South Korea,"43 Outdoor Centre, Insadong, Seoul, South Korea",Adventure,Trendy; K-pop; Foodie,Spring; Autumn,80,4.4,Group,3 hrs,"Paddle through scenic river gorges with an experienced instructor — safety gear, refreshments, and transport included."
INT-AC-00165,Sunset Sailing Cruise,Bali,Indonesia,"15 National Park Gate, Seminyak, Bali, Indonesia",Adventure,Spiritual; Tropical; Bohemian,Spring; Summer; Autumn,170,4.3,Couple,3 hrs,"A two-hour sunset cruise aboard a traditional sailing vessel, with canapés, local wine, and panoramic views of the city skyline."
INT-AC-00166,Jungle Trekking Adventure,Cape Town,South Africa,"136 Wharf, Gardens, Cape Town, South Africa",Adventure,Scenic; Adventurous; Diverse,Summer; Autumn,95,4.4,Solo,4 hrs,"Half-day guided trek through primary rainforest, spotting endemic wildlife and crossing rope bridges, concluding with a riverside picnic."
INT-AC-00167,Desert Safari Experience,Kyoto,Japan,"21 Wharf, Fushimi, Kyoto, Japan",Adventure,Serene; Traditional; Cultural,Spring; Autumn,250,4.6,Group,4 hrs,"Dune-bashing by 4WD followed by a Bedouin-style camp dinner under the stars, with camel rides, henna, and live music included."
INT-AC-00168,Rock Climbing Vienna,Vienna,Austria,"60 Wharf, Innere Stadt, Vienna, Austria",Adventure,Imperial; Musical; Café culture,Spring; Summer,105,4.6,Solo,6 hrs,"A highly rated local experience offering an authentic taste of the destination's culture, cuisine, and character."
INT-AC-00169,Scuba Diving Lesson,Istanbul,Turkey,"120 Adventure Hub, Beyoğlu, Istanbul, Turkey",Adventure,Historic; Exotic; East-meets-West,Spring; Autumn,150,4.6,Solo,5 hrs,"PADI-certified introductory dive in crystal-clear coastal waters, covering basic techniques in a confined pool before an open-water experience."
INT-AC-00170,Hot Air Balloon Ride,Lisbon,Portugal,"89 Outdoor Centre, Belém, Lisbon, Portugal",Adventure,Soulful; Coastal; Affordable,Spring; Summer; Autumn,325,4.7,Couple,3 hrs,"Float over the city at dawn in a private basket, watching the landscape emerge in golden light with a champagne breakfast on landing."
INT-AC-00171,Zip Line Forest Canopy,Prague,Czech Republic,"78 Outdoor Centre, Old Town, Prague, Czech Republic",Adventure,Fairy-tale; Beer culture; Gothic,Spring; Summer,105,4.6,Solo,5 hrs,"Fly through the forest canopy on a multi-line zip circuit up to 200 m long, with safety briefing, harness fitting, and photos included."
INT-AC-00172,Stand-Up Paddleboard Tour,Maldives,Maldives,"98 Wharf, North Malé Atoll, Maldives, Maldives",Adventure,Luxury; Tropical; Remote,Spring; Winter,55,5.0,Couple,3 hrs,"Guided SUP tour along calm coastal or river waterways, exploring hidden coves and sea caves only accessible from the water."
INT-AC-00173,Coastal Cliff Walk,Zurich,Switzerland,"169 Adventure Hub, Enge, Zurich, Switzerland",Adventure,Clean; Alpine; Upscale,Summer; Autumn,65,4.4,Group,5 hrs,"A highly rated local experience offering an authentic taste of the destination's culture, cuisine, and character."
INT-AC-00174,Night Kayaking Tour,Los Angeles,USA,"199 National Park Gate, Hollywood, Los Angeles, USA",Adventure,Sunny; Creative; Beach,Spring; Summer; Autumn,125,4.3,Group,6 hrs,"A highly rated local experience offering an authentic taste of the destination's culture, cuisine, and character."
INT-AC-00175,Harbour Sunset Cruise,Toronto,Canada,"159 Rooftop Terrace, Kensington, Toronto, Canada",Relaxation,Multicultural; Friendly; Urban,Summer; Autumn,85,4.6,Group,3 hrs,"A scenic evening cruise around the harbour with cocktails, local cheese, and a live acoustic duo as the city lights come on."
INT-AC-00176,Spa & Wellness Half Day,Tokyo,Japan,"161 Wellness Centre, Asakusa, Tokyo, Japan",Relaxation,Bustling; Modern; Traditional,Spring; Autumn,110,4.7,Couple,5 hrs,"Four hours of treatments including a traditional massage, thermal pools, and a skin ritual using locally sourced botanicals."
INT-AC-00177,Rooftop Bar Sunset Experience,Paris,France,"188 Spa Quarter, Montmartre, Paris, France",Relaxation,Romantic; Artistic; Chic,Spring; Summer; Autumn,80,4.0,Group,3 hrs,"Reserved rooftop terrace access during golden hour, with a curated cocktail menu and 360-degree views over the city's skyline."
INT-AC-00178,City Panorama Cable Car,Brisbane,Australia,"45 Sky Lounge, Fortitude Valley, Brisbane, Australia",Relaxation,Outdoorsy; Relaxed; Sunny,Spring; Autumn; Winter,40,4.1,Couple,4 hrs,"Ride historic gondolas to the city's highest viewpoint, with optional guided commentary and a café terrace at the summit."
INT-AC-00179,Morning Yoga & Meditation,Berlin,Germany,"43 Spa Quarter, Kreuzberg, Berlin, Germany",Relaxation,Edgy; Creative; Historic,Spring; Summer,35,4.1,Couple,5 hrs,"A highly rated local experience offering an authentic taste of the destination's culture, cuisine, and character."
INT-AC-00180,Thermal Baths & Spa,Dubai,UAE,"30 Spa Quarter, Downtown Dubai, Dubai, UAE",Relaxation,Luxurious; Futuristic; Vibrant,Spring; Winter,60,4.9,Couple,4 hrs,"A highly rated local experience offering an authentic taste of the destination's culture, cuisine, and character."
INT-AC-00181,Singapore Food Tour,Singapore,Singapore,"143 Harbour Kitchen, Chinatown, Singapore, Singapore",Food,Modern; Multicultural; Clean,Spring; Summer; Autumn; Winter,105,5.0,Group,2 hrs,"A highly rated local experience offering an authentic taste of the destination's culture, cuisine, and character."
INT-AC-00182,London Cooking Class,London,UK,"138 Night Bazaar, Kensington, London, UK",Food,Historic; Cosmopolitan; Eclectic,Spring; Summer,125,4.1,Couple,2 hrs,"A highly rated local experience offering an authentic taste of the destination's culture, cuisine, and character."
INT-AC-00183,Street Food Night Walk New York,New York,USA,"164 Harbour Kitchen, Midtown, New York, USA",Food,Fast-paced; Iconic; Diverse,Spring; Autumn,40,4.5,Solo,4 hrs,"A highly rated local experience offering an authentic taste of the destination's culture, cuisine, and character."
INT-AC-00184,Sushi Making Workshop,Sydney,Australia,"159 Market Lane, Bondi, Sydney, Australia",Food,Beach; Outdoorsy; Vibrant,Spring; Summer; Autumn,160,4.4,Group,3 hrs,"Hands-on session teaching rice preparation, fish selection, and rolling technique — finish by eating your creations with sake pairings."
INT-AC-00185,Wine & Cheese Tasting,Bangkok,Thailand,"163 Market Lane, Silom, Bangkok, Thailand",Food,Lively; Spiritual; Street food,Spring; Winter,130,4.3,Couple,4 hrs,"Curated tasting of local and imported wines paired with artisan cheeses, hosted in a cellar setting with a certified sommelier."
INT-AC-00186,Local Market Food Experience,Barcelona,Spain,"30 Harbour Kitchen, Gothic Quarter, Barcelona, Spain",Food,Artistic; Beach; Festive,Spring; Summer,60,4.9,Group,4 hrs,"Navigate a vibrant local produce market with a chef guide, sampling seasonal specialities and learning the stories behind each ingredient."
INT-AC-00187,Craft Beer & Brewery Tour,Rome,Italy,"30 Harbour Kitchen, Colosseum, Rome, Italy",Food,Historic; Romantic; Culinary,Spring; Autumn,65,4.0,Group,3 hrs,"A highly rated local experience offering an authentic taste of the destination's culture, cuisine, and character."
INT-AC-00188,Farm-to-Table Dinner Experience,Amsterdam,Netherlands,"95 Harbour Kitchen, Museumplein, Amsterdam, Netherlands",Food,Liberal; Charming; Cycling-friendly,Spring; Summer,100,4.2,Couple,3 hrs,"A highly rated local experience offering an authentic taste of the destination's culture, cuisine, and character."
INT-AC-00189,Seoul History Walking Tour,Seoul,South Korea,"168 Cultural Precinct, Gangnam, Seoul, South Korea",Culture,Trendy; K-pop; Foodie,Spring; Autumn,75,4.9,Group,2 hrs,"A highly rated local experience offering an authentic taste of the destination's culture, cuisine, and character."
INT-AC-00190,Museum Skip-the-Line Tour,Bali,Indonesia,"177 Heritage Square, Ubud, Bali, Indonesia",Culture,Spiritual; Tropical; Bohemian,Spring; Summer; Autumn,45,4.8,Couple,3 hrs,"Fast-track entry and an in-depth guided tour of the city's premier museum, covering highlights and hidden gems in under three hours."
INT-AC-00191,Cape Town Art Gallery Visit,Cape Town,South Africa,"26 Old Town, Sea Point, Cape Town, South Africa",Culture,Scenic; Adventurous; Diverse,Summer; Autumn,50,4.2,Couple,2 hrs,"A highly rated local experience offering an authentic taste of the destination's culture, cuisine, and character."
INT-AC-00192,Ancient Temple Morning Walk,Kyoto,Japan,"71 Cultural Precinct, Gion, Kyoto, Japan",Culture,Serene; Traditional; Cultural,Spring; Autumn,75,4.4,Group,2 hrs,"Early-morning visit to a UNESCO-listed temple complex at sunrise, experiencing rituals and peaceful courtyards before tourist crowds arrive."
INT-AC-00193,Old Town Architecture Tour,Vienna,Austria,"165 Museum District, Naschmarkt, Vienna, Austria",Culture,Imperial; Musical; Café culture,Spring; Summer,50,5.0,Couple,2 hrs,A 90-minute walking tour tracing the city's architectural evolution from medieval lanes to baroque facades and modernist interventions.
INT-AC-00194,Cultural Dance Show,Istanbul,Turkey,"145 Museum District, Kadıköy, Istanbul, Turkey",Culture,Historic; Exotic; East-meets-West,Spring; Autumn,55,4.1,Group,2 hrs,"An evening performance showcasing traditional folk dances, live music, and costume, followed by a meet-the-artists session backstage."
INT-AC-00195,Traditional Craft Workshop,Lisbon,Portugal,"85 Museum District, Alfama, Lisbon, Portugal",Culture,Soulful; Coastal; Affordable,Spring; Summer; Autumn,90,4.1,Group,2 hrs,"A two-hour hands-on session learning a regional craft — ceramics, weaving, or bookbinding — guided by a master artisan."
INT-AC-00196,Photography City Tour,Prague,Czech Republic,"34 Museum District, Malá Strana, Prague, Czech Republic",Culture,Fairy-tale; Beer culture; Gothic,Spring; Summer,100,4.1,Solo,3 hrs,"A guided photo walk through the city's most photogenic corners, with tips on composition, light, and storytelling from a professional photographer."
INT-AC-00197,Street Art & Graffiti Tour,Maldives,Maldives,"34 Heritage Square, Baa Atoll, Maldives, Maldives",Culture,Luxury; Tropical; Remote,Spring; Winter,70,4.3,Group,2 hrs,"A highly rated local experience offering an authentic taste of the destination's culture, cuisine, and character."
INT-AC-00198,Local Neighbourhood Walk,Zurich,Switzerland,"45 Heritage Square, Altstadt, Zurich, Switzerland",Culture,Clean; Alpine; Upscale,Summer; Autumn,25,4.4,Solo,3 hrs,"A highly rated local experience offering an authentic taste of the destination's culture, cuisine, and character."
INT-AC-00199,Los Angeles Bike Tour,Los Angeles,USA,"122 Adventure Hub, Santa Monica, Los Angeles, USA",Adventure,Sunny; Creative; Beach,Spring; Summer; Autumn,55,4.1,Group,3 hrs,"Cycle the 22-mile Los Angeles River path and Venice Beach boardwalk, stopping at murals, food trucks, and local surf shops."
INT-AC-00200,River Kayaking Experience,Toronto,Canada,"158 Wharf, CN Tower, Toronto, Canada",Adventure,Multicultural; Friendly; Urban,Summer; Autumn,125,4.8,Group,6 hrs,"Paddle through scenic river gorges with an experienced instructor — safety gear, refreshments, and transport included."
INT-AC-00201,Sunset Sailing Cruise,Tokyo,Japan,"16 Adventure Hub, Shinjuku, Tokyo, Japan",Adventure,Bustling; Modern; Traditional,Spring; Autumn,85,4.7,Group,6 hrs,"A two-hour sunset cruise aboard a traditional sailing vessel, with canapés, local wine, and panoramic views of the city skyline."
INT-AC-00202,Jungle Trekking Adventure,Paris,France,"183 Outdoor Centre, Le Marais, Paris, France",Adventure,Romantic; Artistic; Chic,Spring; Summer; Autumn,120,4.8,Solo,3 hrs,"Half-day guided trek through primary rainforest, spotting endemic wildlife and crossing rope bridges, concluding with a riverside picnic."
INT-AC-00203,Desert Safari Experience,Brisbane,Australia,"17 Wharf, CBD, Brisbane, Australia",Adventure,Outdoorsy; Relaxed; Sunny,Spring; Autumn; Winter,255,4.1,Group,5 hrs,"Dune-bashing by 4WD followed by a Bedouin-style camp dinner under the stars, with camel rides, henna, and live music included."
INT-AC-00204,Rock Climbing Berlin,Berlin,Germany,"117 National Park Gate, Mitte, Berlin, Germany",Adventure,Edgy; Creative; Historic,Spring; Summer,70,4.3,Group,6 hrs,"A highly rated local experience offering an authentic taste of the destination's culture, cuisine, and character."
INT-AC-00205,Scuba Diving Lesson,Dubai,UAE,"111 Wharf, Marina, Dubai, UAE",Adventure,Luxurious; Futuristic; Vibrant,Spring; Winter,155,4.6,Couple,3 hrs,"PADI-certified introductory dive in crystal-clear coastal waters, covering basic techniques in a confined pool before an open-water experience."
INT-AC-00206,Hot Air Balloon Ride,Singapore,Singapore,"103 Outdoor Centre, Orchard, Singapore, Singapore",Adventure,Modern; Multicultural; Clean,Spring; Summer; Autumn; Winter,365,4.9,Group,5 hrs,"Float over the city at dawn in a private basket, watching the landscape emerge in golden light with a champagne breakfast on landing."
INT-AC-00207,Zip Line Forest Canopy,London,UK,"171 National Park Gate, Covent Garden, London, UK",Adventure,Historic; Cosmopolitan; Eclectic,Spring; Summer,120,4.7,Solo,6 hrs,"Fly through the forest canopy on a multi-line zip circuit up to 200 m long, with safety briefing, harness fitting, and photos included."
INT-AC-00208,Stand-Up Paddleboard Tour,New York,USA,"24 Adventure Hub, Brooklyn, New York, USA",Adventure,Fast-paced; Iconic; Diverse,Spring; Autumn,60,4.4,Solo,6 hrs,"Guided SUP tour along calm coastal or river waterways, exploring hidden coves and sea caves only accessible from the water."
INT-AC-00209,Coastal Cliff Walk,Sydney,Australia,"143 Wharf, Manly, Sydney, Australia",Adventure,Beach; Outdoorsy; Vibrant,Spring; Summer; Autumn,35,4.1,Solo,5 hrs,"A highly rated local experience offering an authentic taste of the destination's culture, cuisine, and character."
INT-AC-00210,Night Kayaking Tour,Bangkok,Thailand,"91 Outdoor Centre, Sukhumvit, Bangkok, Thailand",Adventure,Lively; Spiritual; Street food,Spring; Winter,80,4.6,Couple,3 hrs,"A highly rated local experience offering an authentic taste of the destination's culture, cuisine, and character."
INT-AC-00211,Harbour Sunset Cruise,Barcelona,Spain,"91 Spa Quarter, Eixample, Barcelona, Spain",Relaxation,Artistic; Beach; Festive,Spring; Summer,110,4.9,Couple,4 hrs,"A scenic evening cruise around the harbour with cocktails, local cheese, and a live acoustic duo as the city lights come on."
INT-AC-00212,Spa & Wellness Half Day,Rome,Italy,"58 Sky Lounge, Campo de Fiori, Rome, Italy",Relaxation,Historic; Romantic; Culinary,Spring; Autumn,95,4.6,Couple,3 hrs,"Four hours of treatments including a traditional massage, thermal pools, and a skin ritual using locally sourced botanicals."
INT-AC-00213,Rooftop Bar Sunset Experience,Amsterdam,Netherlands,"147 Spa Quarter, Jordaan, Amsterdam, Netherlands",Relaxation,Liberal; Charming; Cycling-friendly,Spring; Summer,45,4.4,Group,3 hrs,"Reserved rooftop terrace access during golden hour, with a curated cocktail menu and 360-degree views over the city's skyline."
INT-AC-00214,City Panorama Cable Car,Seoul,South Korea,"8 Spa Quarter, Hongdae, Seoul, South Korea",Relaxation,Trendy; K-pop; Foodie,Spring; Autumn,45,4.8,Solo,5 hrs,"Ride historic gondolas to the city's highest viewpoint, with optional guided commentary and a café terrace at the summit."
INT-AC-00215,Morning Yoga & Meditation,Bali,Indonesia,"2 Spa Quarter, Canggu, Bali, Indonesia",Relaxation,Spiritual; Tropical; Bohemian,Spring; Summer; Autumn,35,4.3,Couple,4 hrs,"A highly rated local experience offering an authentic taste of the destination's culture, cuisine, and character."
INT-AC-00216,Thermal Baths & Spa,Cape Town,South Africa,"18 Sky Lounge, V&A Waterfront, Cape Town, South Africa",Relaxation,Scenic; Adventurous; Diverse,Summer; Autumn,55,4.9,Group,5 hrs,"A highly rated local experience offering an authentic taste of the destination's culture, cuisine, and character."
INT-AC-00217,Kyoto Food Tour,Kyoto,Japan,"97 Street Food Alley, Arashiyama, Kyoto, Japan",Food,Serene; Traditional; Cultural,Spring; Autumn,65,4.7,Group,2 hrs,"A highly rated local experience offering an authentic taste of the destination's culture, cuisine, and character."
INT-AC-00218,Vienna Cooking Class,Vienna,Austria,"185 Night Bazaar, Prater, Vienna, Austria",Food,Imperial; Musical; Café culture,Spring; Summer,135,4.5,Group,3 hrs,"A highly rated local experience offering an authentic taste of the destination's culture, cuisine, and character."
INT-AC-00219,Street Food Night Walk Istanbul,Istanbul,Turkey,"41 Street Food Alley, Sultanahmet, Istanbul, Turkey",Food,Historic; Exotic; East-meets-West,Spring; Autumn,55,4.8,Group,2 hrs,"A highly rated local experience offering an authentic taste of the destination's culture, cuisine, and character."
INT-AC-00220,Sushi Making Workshop,Lisbon,Portugal,"170 Harbour Kitchen, Bairro Alto, Lisbon, Portugal",Food,Soulful; Coastal; Affordable,Spring; Summer; Autumn,150,4.6,Group,3 hrs,"Hands-on session teaching rice preparation, fish selection, and rolling technique — finish by eating your creations with sake pairings."
INT-AC-00221,Wine & Cheese Tasting,Prague,Czech Republic,"56 Night Bazaar, Žižkov, Prague, Czech Republic",Food,Fairy-tale; Beer culture; Gothic,Spring; Summer,115,4.5,Group,3 hrs,"Curated tasting of local and imported wines paired with artisan cheeses, hosted in a cellar setting with a certified sommelier."
INT-AC-00222,Local Market Food Experience,Maldives,Maldives,"174 Night Bazaar, North Malé Atoll, Maldives, Maldives",Food,Luxury; Tropical; Remote,Spring; Winter,60,4.1,Group,2 hrs,"Navigate a vibrant local produce market with a chef guide, sampling seasonal specialities and learning the stories behind each ingredient."
INT-AC-00223,Craft Beer & Brewery Tour,Zurich,Switzerland,"102 Street Food Alley, Niederdorf, Zurich, Switzerland",Food,Clean; Alpine; Upscale,Summer; Autumn,100,4.6,Solo,2 hrs,"A highly rated local experience offering an authentic taste of the destination's culture, cuisine, and character."
INT-AC-00224,Farm-to-Table Dinner Experience,Los Angeles,USA,"197 Street Food Alley, Venice, Los Angeles, USA",Food,Sunny; Creative; Beach,Spring; Summer; Autumn,165,4.1,Couple,3 hrs,"A highly rated local experience offering an authentic taste of the destination's culture, cuisine, and character."
INT-AC-00225,Toronto History Walking Tour,Toronto,Canada,"2 Heritage Square, Distillery District, Toronto, Canada",Culture,Multicultural; Friendly; Urban,Summer; Autumn,45,4.8,Group,3 hrs,"A highly rated local experience offering an authentic taste of the destination's culture, cuisine, and character."
INT-AC-00226,Museum Skip-the-Line Tour,Tokyo,Japan,"137 Cultural Precinct, Shibuya, Tokyo, Japan",Culture,Bustling; Modern; Traditional,Spring; Autumn,70,4.7,Solo,2 hrs,"Fast-track entry and an in-depth guided tour of the city's premier museum, covering highlights and hidden gems in under three hours."
INT-AC-00227,Paris Art Gallery Visit,Paris,France,"190 Cultural Precinct, Champs-Élysées, Paris, France",Culture,Romantic; Artistic; Chic,Spring; Summer; Autumn,40,4.5,Couple,2 hrs,"A highly rated local experience offering an authentic taste of the destination's culture, cuisine, and character."
INT-AC-00228,Ancient Temple Morning Walk,Brisbane,Australia,"148 Old Town, South Bank, Brisbane, Australia",Culture,Outdoorsy; Relaxed; Sunny,Spring; Autumn; Winter,30,4.4,Group,2 hrs,"Early-morning visit to a UNESCO-listed temple complex at sunrise, experiencing rituals and peaceful courtyards before tourist crowds arrive."
INT-AC-00229,Old Town Architecture Tour,Berlin,Germany,"104 Heritage Square, Prenzlauer Berg, Berlin, Germany",Culture,Edgy; Creative; Historic,Spring; Summer,65,4.6,Couple,3 hrs,A 90-minute walking tour tracing the city's architectural evolution from medieval lanes to baroque facades and modernist interventions.
INT-AC-00230,Cultural Dance Show,Dubai,UAE,"23 Old Town, Jumeirah, Dubai, UAE",Culture,Luxurious; Futuristic; Vibrant,Spring; Winter,55,5.0,Couple,3 hrs,"An evening performance showcasing traditional folk dances, live music, and costume, followed by a meet-the-artists session backstage."
INT-AC-00231,Traditional Craft Workshop,Singapore,Singapore,"135 Cultural Precinct, Marina Bay, Singapore, Singapore",Culture,Modern; Multicultural; Clean,Spring; Summer; Autumn; Winter,120,4.8,Group,3 hrs,"A two-hour hands-on session learning a regional craft — ceramics, weaving, or bookbinding — guided by a master artisan."
INT-AC-00232,Photography City Tour,London,UK,"86 Museum District, Shoreditch, London, UK",Culture,Historic; Cosmopolitan; Eclectic,Spring; Summer,55,4.4,Couple,3 hrs,"A guided photo walk through the city's most photogenic corners, with tips on composition, light, and storytelling from a professional photographer."
INT-AC-00233,Street Art & Graffiti Tour,New York,USA,"90 Old Town, SoHo, New York, USA",Culture,Fast-paced; Iconic; Diverse,Spring; Autumn,45,4.1,Group,2 hrs,"A highly rated local experience offering an authentic taste of the destination's culture, cuisine, and character."
INT-AC-00234,Local Neighbourhood Walk,Sydney,Australia,"45 Museum District, Circular Quay, Sydney, Australia",Culture,Beach; Outdoorsy; Vibrant,Spring; Summer; Autumn,35,4.2,Solo,3 hrs,"A highly rated local experience offering an authentic taste of the destination's culture, cuisine, and character."
INT-AC-00235,Bangkok Bike Tour,Bangkok,Thailand,"119 Outdoor Centre, Old City, Bangkok, Thailand",Adventure,Lively; Spiritual; Street food,Spring; Winter,80,4.2,Solo,4 hrs,"A highly rated local experience offering an authentic taste of the destination's culture, cuisine, and character."
INT-AC-00236,River Kayaking Experience,Barcelona,Spain,"39 National Park Gate, Barceloneta, Barcelona, Spain",Adventure,Artistic; Beach; Festive,Spring; Summer,140,4.8,Solo,5 hrs,"Paddle through scenic river gorges with an experienced instructor — safety gear, refreshments, and transport included."
INT-AC-00237,Sunset Sailing Cruise,Rome,Italy,"152 National Park Gate, Trastevere, Rome, Italy",Adventure,Historic; Romantic; Culinary,Spring; Autumn,135,4.1,Group,5 hrs,"A two-hour sunset cruise aboard a traditional sailing vessel, with canapés, local wine, and panoramic views of the city skyline."
INT-AC-00238,Jungle Trekking Adventure,Amsterdam,Netherlands,"116 Outdoor Centre, De Pijp, Amsterdam, Netherlands",Adventure,Liberal; Charming; Cycling-friendly,Spring; Summer,65,4.4,Group,5 hrs,"Half-day guided trek through primary rainforest, spotting endemic wildlife and crossing rope bridges, concluding with a riverside picnic."
INT-AC-00239,Desert Safari Experience,Seoul,South Korea,"158 Adventure Hub, Insadong, Seoul, South Korea",Adventure,Trendy; K-pop; Foodie,Spring; Autumn,205,4.1,Couple,3 hrs,"Dune-bashing by 4WD followed by a Bedouin-style camp dinner under the stars, with camel rides, henna, and live music included."
INT-AC-00240,Rock Climbing Bali,Bali,Indonesia,"83 Wharf, Seminyak, Bali, Indonesia",Adventure,Spiritual; Tropical; Bohemian,Spring; Summer; Autumn,120,4.4,Solo,6 hrs,"A highly rated local experience offering an authentic taste of the destination's culture, cuisine, and character."
INT-AC-00241,Scuba Diving Lesson,Cape Town,South Africa,"27 Outdoor Centre, Gardens, Cape Town, South Africa",Adventure,Scenic; Adventurous; Diverse,Summer; Autumn,165,4.5,Couple,3 hrs,"PADI-certified introductory dive in crystal-clear coastal waters, covering basic techniques in a confined pool before an open-water experience."
INT-AC-00242,Hot Air Balloon Ride,Kyoto,Japan,"64 Adventure Hub, Fushimi, Kyoto, Japan",Adventure,Serene; Traditional; Cultural,Spring; Autumn,335,5.0,Couple,4 hrs,"Float over the city at dawn in a private basket, watching the landscape emerge in golden light with a champagne breakfast on landing."
INT-AC-00243,Zip Line Forest Canopy,Vienna,Austria,"73 National Park Gate, Innere Stadt, Vienna, Austria",Adventure,Imperial; Musical; Café culture,Spring; Summer,120,5.0,Group,5 hrs,"Fly through the forest canopy on a multi-line zip circuit up to 200 m long, with safety briefing, harness fitting, and photos included."
INT-AC-00244,Stand-Up Paddleboard Tour,Istanbul,Turkey,"17 National Park Gate, Beyoğlu, Istanbul, Turkey",Adventure,Historic; Exotic; East-meets-West,Spring; Autumn,70,4.4,Couple,3 hrs,"Guided SUP tour along calm coastal or river waterways, exploring hidden coves and sea caves only accessible from the water."
INT-AC-00245,Coastal Cliff Walk,Lisbon,Portugal,"186 National Park Gate, Belém, Lisbon, Portugal",Adventure,Soulful; Coastal; Affordable,Spring; Summer; Autumn,50,4.1,Group,5 hrs,"A highly rated local experience offering an authentic taste of the destination's culture, cuisine, and character."
INT-AC-00246,Night Kayaking Tour,Prague,Czech Republic,"168 National Park Gate, Old Town, Prague, Czech Republic",Adventure,Fairy-tale; Beer culture; Gothic,Spring; Summer,95,4.3,Group,5 hrs,"A highly rated local experience offering an authentic taste of the destination's culture, cuisine, and character."
INT-AC-00247,Harbour Sunset Cruise,Maldives,Maldives,"165 Sky Lounge, Baa Atoll, Maldives, Maldives",Relaxation,Luxury; Tropical; Remote,Spring; Winter,105,4.1,Couple,4 hrs,"A scenic evening cruise around the harbour with cocktails, local cheese, and a live acoustic duo as the city lights come on."
INT-AC-00248,Spa & Wellness Half Day,Zurich,Switzerland,"166 Wellness Centre, Enge, Zurich, Switzerland",Relaxation,Clean; Alpine; Upscale,Summer; Autumn,180,4.3,Couple,5 hrs,"Four hours of treatments including a traditional massage, thermal pools, and a skin ritual using locally sourced botanicals."
INT-AC-00249,Rooftop Bar Sunset Experience,Los Angeles,USA,"80 Spa Quarter, Hollywood, Los Angeles, USA",Relaxation,Sunny; Creative; Beach,Spring; Summer; Autumn,80,4.4,Group,3 hrs,"Reserved rooftop terrace access during golden hour, with a curated cocktail menu and 360-degree views over the city's skyline."
INT-AC-00250,City Panorama Cable Car,Toronto,Canada,"58 Rooftop Terrace, Kensington, Toronto, Canada",Relaxation,Multicultural; Friendly; Urban,Summer; Autumn,40,5.0,Couple,4 hrs,"Ride historic gondolas to the city's highest viewpoint, with optional guided commentary and a café terrace at the summit."
INT-AC-00251,Morning Yoga & Meditation,Tokyo,Japan,"170 Wellness Centre, Asakusa, Tokyo, Japan",Relaxation,Bustling; Modern; Traditional,Spring; Autumn,35,4.2,Couple,3 hrs,"A highly rated local experience offering an authentic taste of the destination's culture, cuisine, and character."
INT-AC-00252,Thermal Baths & Spa,Paris,France,"40 Sky Lounge, Montmartre, Paris, France",Relaxation,Romantic; Artistic; Chic,Spring; Summer; Autumn,65,4.9,Group,3 hrs,"A highly rated local experience offering an authentic taste of the destination's culture, cuisine, and character."
INT-AC-00253,Brisbane Food Tour,Brisbane,Australia,"185 Street Food Alley, Fortitude Valley, Brisbane, Australia",Food,Outdoorsy; Relaxed; Sunny,Spring; Autumn; Winter,65,4.2,Solo,4 hrs,"A highly rated local experience offering an authentic taste of the destination's culture, cuisine, and character."
INT-AC-00254,Berlin Cooking Class,Berlin,Germany,"114 Street Food Alley, Kreuzberg, Berlin, Germany",Food,Edgy; Creative; Historic,Spring; Summer,135,4.0,Couple,4 hrs,"A highly rated local experience offering an authentic taste of the destination's culture, cuisine, and character."
INT-AC-00255,Street Food Night Walk Dubai,Dubai,UAE,"80 Street Food Alley, Downtown Dubai, Dubai, UAE",Food,Luxurious; Futuristic; Vibrant,Spring; Winter,75,4.3,Solo,2 hrs,"A highly rated local experience offering an authentic taste of the destination's culture, cuisine, and character."
INT-AC-00256,Sushi Making Workshop,Singapore,Singapore,"119 Harbour Kitchen, Chinatown, Singapore, Singapore",Food,Modern; Multicultural; Clean,Spring; Summer; Autumn; Winter,150,4.8,Group,3 hrs,"Hands-on session teaching rice preparation, fish selection, and rolling technique — finish by eating your creations with sake pairings."
INT-AC-00257,Wine & Cheese Tasting,London,UK,"155 Street Food Alley, Kensington, London, UK",Food,Historic; Cosmopolitan; Eclectic,Spring; Summer,95,4.8,Group,2 hrs,"Curated tasting of local and imported wines paired with artisan cheeses, hosted in a cellar setting with a certified sommelier."
INT-AC-00258,Local Market Food Experience,New York,USA,"96 Harbour Kitchen, Midtown, New York, USA",Food,Fast-paced; Iconic; Diverse,Spring; Autumn,40,4.9,Solo,4 hrs,"Navigate a vibrant local produce market with a chef guide, sampling seasonal specialities and learning the stories behind each ingredient."
INT-AC-00259,Craft Beer & Brewery Tour,Sydney,Australia,"196 Market Lane, Bondi, Sydney, Australia",Food,Beach; Outdoorsy; Vibrant,Spring; Summer; Autumn,90,4.9,Group,3 hrs,"A highly rated local experience offering an authentic taste of the destination's culture, cuisine, and character."
INT-AC-00260,Farm-to-Table Dinner Experience,Bangkok,Thailand,"57 Market Lane, Silom, Bangkok, Thailand",Food,Lively; Spiritual; Street food,Spring; Winter,110,4.3,Couple,3 hrs,"A highly rated local experience offering an authentic taste of the destination's culture, cuisine, and character."
INT-AC-00261,Barcelona History Walking Tour,Barcelona,Spain,"14 Cultural Precinct, Gothic Quarter, Barcelona, Spain",Culture,Artistic; Beach; Festive,Spring; Summer,85,4.5,Group,2 hrs,"A highly rated local experience offering an authentic taste of the destination's culture, cuisine, and character."
INT-AC-00262,Museum Skip-the-Line Tour,Rome,Italy,"96 Heritage Square, Colosseum, Rome, Italy",Culture,Historic; Romantic; Culinary,Spring; Autumn,65,4.5,Solo,3 hrs,"Fast-track entry and an in-depth guided tour of the city's premier museum, covering highlights and hidden gems in under three hours."
INT-AC-00263,Amsterdam Art Gallery Visit,Amsterdam,Netherlands,"36 Museum District, Museumplein, Amsterdam, Netherlands",Culture,Liberal; Charming; Cycling-friendly,Spring; Summer,40,4.0,Solo,3 hrs,"A highly rated local experience offering an authentic taste of the destination's culture, cuisine, and character."
INT-AC-00264,Ancient Temple Morning Walk,Seoul,South Korea,"115 Cultural Precinct, Gangnam, Seoul, South Korea",Culture,Trendy; K-pop; Foodie,Spring; Autumn,30,4.3,Group,2 hrs,"Early-morning visit to a UNESCO-listed temple complex at sunrise, experiencing rituals and peaceful courtyards before tourist crowds arrive."
INT-AC-00265,Old Town Architecture Tour,Bali,Indonesia,"56 Old Town, Ubud, Bali, Indonesia",Culture,Spiritual; Tropical; Bohemian,Spring; Summer; Autumn,80,4.0,Group,2 hrs,A 90-minute walking tour tracing the city's architectural evolution from medieval lanes to baroque facades and modernist interventions.
INT-AC-00266,Cultural Dance Show,Cape Town,South Africa,"61 Old Town, Sea Point, Cape Town, South Africa",Culture,Scenic; Adventurous; Diverse,Summer; Autumn,75,4.5,Group,2 hrs,"An evening performance showcasing traditional folk dances, live music, and costume, followed by a meet-the-artists session backstage."
INT-AC-00267,Traditional Craft Workshop,Kyoto,Japan,"17 Cultural Precinct, Gion, Kyoto, Japan",Culture,Serene; Traditional; Cultural,Spring; Autumn,105,4.1,Group,3 hrs,"A two-hour hands-on session learning a regional craft — ceramics, weaving, or bookbinding — guided by a master artisan."
INT-AC-00268,Photography City Tour,Vienna,Austria,"184 Museum District, Naschmarkt, Vienna, Austria",Culture,Imperial; Musical; Café culture,Spring; Summer,55,4.8,Couple,2 hrs,"A guided photo walk through the city's most photogenic corners, with tips on composition, light, and storytelling from a professional photographer."
INT-AC-00269,Street Art & Graffiti Tour,Istanbul,Turkey,"147 Museum District, Kadıköy, Istanbul, Turkey",Culture,Historic; Exotic; East-meets-West,Spring; Autumn,45,4.3,Group,3 hrs,"A highly rated local experience offering an authentic taste of the destination's culture, cuisine, and character."
INT-AC-00270,Local Neighbourhood Walk,Lisbon,Portugal,"135 Heritage Square, Alfama, Lisbon, Portugal",Culture,Soulful; Coastal; Affordable,Spring; Summer; Autumn,50,4.2,Solo,3 hrs,"A highly rated local experience offering an authentic taste of the destination's culture, cuisine, and character."
INT-AC-00271,Prague Bike Tour,Prague,Czech Republic,"12 Outdoor Centre, Malá Strana, Prague, Czech Republic",Adventure,Fairy-tale; Beer culture; Gothic,Spring; Summer,75,4.5,Solo,6 hrs,"Pedal across Prague's historic bridges and cobblestone laneways, visiting Vyšehrad Castle and a riverside craft-beer garden."
INT-AC-00272,River Kayaking Experience,Maldives,Maldives,"18 National Park Gate, North Malé Atoll, Maldives, Maldives",Adventure,Luxury; Tropical; Remote,Spring; Winter,120,5.0,Solo,3 hrs,"Paddle through scenic river gorges with an experienced instructor — safety gear, refreshments, and transport included."
INT-AC-00273,Sunset Sailing Cruise,Zurich,Switzerland,"12 Wharf, Altstadt, Zurich, Switzerland",Adventure,Clean; Alpine; Upscale,Summer; Autumn,125,4.2,Couple,5 hrs,"A two-hour sunset cruise aboard a traditional sailing vessel, with canapés, local wine, and panoramic views of the city skyline."
INT-AC-00274,Jungle Trekking Adventure,Los Angeles,USA,"162 Outdoor Centre, Santa Monica, Los Angeles, USA",Adventure,Sunny; Creative; Beach,Spring; Summer; Autumn,105,4.5,Group,6 hrs,"Half-day guided trek through primary rainforest, spotting endemic wildlife and crossing rope bridges, concluding with a riverside picnic."
INT-AC-00275,Desert Safari Experience,Toronto,Canada,"76 Adventure Hub, CN Tower, Toronto, Canada",Adventure,Multicultural; Friendly; Urban,Summer; Autumn,225,4.8,Group,6 hrs,"Dune-bashing by 4WD followed by a Bedouin-style camp dinner under the stars, with camel rides, henna, and live music included."
INT-AC-00276,Rock Climbing Tokyo,Tokyo,Japan,"80 National Park Gate, Shinjuku, Tokyo, Japan",Adventure,Bustling; Modern; Traditional,Spring; Autumn,80,4.0,Solo,3 hrs,"A highly rated local experience offering an authentic taste of the destination's culture, cuisine, and character."
INT-AC-00277,Scuba Diving Lesson,Paris,France,"193 Adventure Hub, Le Marais, Paris, France",Adventure,Romantic; Artistic; Chic,Spring; Summer; Autumn,155,4.4,Solo,5 hrs,"PADI-certified introductory dive in crystal-clear coastal waters, covering basic techniques in a confined pool before an open-water experience."
INT-AC-00278,Hot Air Balloon Ride,Brisbane,Australia,"70 National Park Gate, CBD, Brisbane, Australia",Adventure,Outdoorsy; Relaxed; Sunny,Spring; Autumn; Winter,415,4.2,Group,3 hrs,"Float over the city at dawn in a private basket, watching the landscape emerge in golden light with a champagne breakfast on landing."
INT-AC-00279,Zip Line Forest Canopy,Berlin,Germany,"99 Outdoor Centre, Mitte, Berlin, Germany",Adventure,Edgy; Creative; Historic,Spring; Summer,80,4.8,Solo,6 hrs,"Fly through the forest canopy on a multi-line zip circuit up to 200 m long, with safety briefing, harness fitting, and photos included."
INT-AC-00280,Stand-Up Paddleboard Tour,Dubai,UAE,"133 National Park Gate, Marina, Dubai, UAE",Adventure,Luxurious; Futuristic; Vibrant,Spring; Winter,65,5.0,Couple,6 hrs,"Guided SUP tour along calm coastal or river waterways, exploring hidden coves and sea caves only accessible from the water."
INT-AC-00281,Coastal Cliff Walk,Singapore,Singapore,"155 Outdoor Centre, Orchard, Singapore, Singapore",Adventure,Modern; Multicultural; Clean,Spring; Summer; Autumn; Winter,45,4.8,Group,3 hrs,"A highly rated local experience offering an authentic taste of the destination's culture, cuisine, and character."
INT-AC-00282,Night Kayaking Tour,London,UK,"84 Adventure Hub, Covent Garden, London, UK",Adventure,Historic; Cosmopolitan; Eclectic,Spring; Summer,100,4.5,Couple,3 hrs,"A highly rated local experience offering an authentic taste of the destination's culture, cuisine, and character."
INT-AC-00283,Harbour Sunset Cruise,New York,USA,"90 Sky Lounge, Brooklyn, New York, USA",Relaxation,Fast-paced; Iconic; Diverse,Spring; Autumn,90,4.3,Group,3 hrs,"A scenic evening cruise around the harbour with cocktails, local cheese, and a live acoustic duo as the city lights come on."
INT-AC-00284,Spa & Wellness Half Day,Sydney,Australia,"71 Sky Lounge, Manly, Sydney, Australia",Relaxation,Beach; Outdoorsy; Vibrant,Spring; Summer; Autumn,135,4.0,Solo,5 hrs,"Four hours of treatments including a traditional massage, thermal pools, and a skin ritual using locally sourced botanicals."
INT-AC-00285,Rooftop Bar Sunset Experience,Bangkok,Thailand,"94 Sky Lounge, Sukhumvit, Bangkok, Thailand",Relaxation,Lively; Spiritual; Street food,Spring; Winter,80,5.0,Couple,3 hrs,"Reserved rooftop terrace access during golden hour, with a curated cocktail menu and 360-degree views over the city's skyline."
INT-AC-00286,City Panorama Cable Car,Barcelona,Spain,"156 Rooftop Terrace, Eixample, Barcelona, Spain",Relaxation,Artistic; Beach; Festive,Spring; Summer,60,4.8,Solo,3 hrs,"Ride historic gondolas to the city's highest viewpoint, with optional guided commentary and a café terrace at the summit."
INT-AC-00287,Morning Yoga & Meditation,Rome,Italy,"93 Spa Quarter, Campo de Fiori, Rome, Italy",Relaxation,Historic; Romantic; Culinary,Spring; Autumn,55,4.0,Solo,3 hrs,"A highly rated local experience offering an authentic taste of the destination's culture, cuisine, and character."
INT-AC-00288,Thermal Baths & Spa,Amsterdam,Netherlands,"174 Rooftop Terrace, Jordaan, Amsterdam, Netherlands",Relaxation,Liberal; Charming; Cycling-friendly,Spring; Summer,70,4.9,Solo,5 hrs,"A highly rated local experience offering an authentic taste of the destination's culture, cuisine, and character."
INT-AC-00289,Seoul Food Tour,Seoul,South Korea,"147 Market Lane, Hongdae, Seoul, South Korea",Food,Trendy; K-pop; Foodie,Spring; Autumn,100,4.9,Couple,3 hrs,"A highly rated local experience offering an authentic taste of the destination's culture, cuisine, and character."
INT-AC-00290,Bali Cooking Class,Bali,Indonesia,"64 Night Bazaar, Canggu, Bali, Indonesia",Food,Spiritual; Tropical; Bohemian,Spring; Summer; Autumn,95,4.5,Couple,3 hrs,"A highly rated local experience offering an authentic taste of the destination's culture, cuisine, and character."
INT-AC-00291,Street Food Night Walk Cape Town,Cape Town,South Africa,"144 Harbour Kitchen, V&A Waterfront, Cape Town, South Africa",Food,Scenic; Adventurous; Diverse,Summer; Autumn,40,4.0,Group,3 hrs,"A highly rated local experience offering an authentic taste of the destination's culture, cuisine, and character."
INT-AC-00292,Sushi Making Workshop,Kyoto,Japan,"55 Harbour Kitchen, Arashiyama, Kyoto, Japan",Food,Serene; Traditional; Cultural,Spring; Autumn,105,4.3,Couple,4 hrs,"Hands-on session teaching rice preparation, fish selection, and rolling technique — finish by eating your creations with sake pairings."
INT-AC-00293,Wine & Cheese Tasting,Vienna,Austria,"35 Market Lane, Prater, Vienna, Austria",Food,Imperial; Musical; Café culture,Spring; Summer,140,4.3,Group,2 hrs,"Curated tasting of local and imported wines paired with artisan cheeses, hosted in a cellar setting with a certified sommelier."
INT-AC-00294,Local Market Food Experience,Istanbul,Turkey,"171 Night Bazaar, Sultanahmet, Istanbul, Turkey",Food,Historic; Exotic; East-meets-West,Spring; Autumn,35,4.5,Group,2 hrs,"Navigate a vibrant local produce market with a chef guide, sampling seasonal specialities and learning the stories behind each ingredient."
INT-AC-00295,Craft Beer & Brewery Tour,Lisbon,Portugal,"183 Street Food Alley, Bairro Alto, Lisbon, Portugal",Food,Soulful; Coastal; Affordable,Spring; Summer; Autumn,75,4.7,Solo,3 hrs,"A highly rated local experience offering an authentic taste of the destination's culture, cuisine, and character."
INT-AC-00296,Farm-to-Table Dinner Experience,Prague,Czech Republic,"32 Street Food Alley, Žižkov, Prague, Czech Republic",Food,Fairy-tale; Beer culture; Gothic,Spring; Summer,180,4.9,Couple,3 hrs,"A highly rated local experience offering an authentic taste of the destination's culture, cuisine, and character."
INT-AC-00297,Maldives History Walking Tour,Maldives,Maldives,"93 Heritage Square, Baa Atoll, Maldives, Maldives",Culture,Luxury; Tropical; Remote,Spring; Winter,45,4.8,Solo,3 hrs,"A highly rated local experience offering an authentic taste of the destination's culture, cuisine, and character."
INT-AC-00298,Museum Skip-the-Line Tour,Zurich,Switzerland,"17 Heritage Square, Niederdorf, Zurich, Switzerland",Culture,Clean; Alpine; Upscale,Summer; Autumn,75,4.6,Couple,2 hrs,"Fast-track entry and an in-depth guided tour of the city's premier museum, covering highlights and hidden gems in under three hours."
INT-AC-00299,Los Angeles Art Gallery Visit,Los Angeles,USA,"148 Cultural Precinct, Venice, Los Angeles, USA",Culture,Sunny; Creative; Beach,Spring; Summer; Autumn,45,4.4,Couple,3 hrs,"A highly rated local experience offering an authentic taste of the destination's culture, cuisine, and character."
INT-AC-00300,Ancient Temple Morning Walk,Toronto,Canada,"120 Cultural Precinct, Distillery District, Toronto, Canada",Culture,Multicultural; Friendly; Urban,Summer; Autumn,35,4.1,Group,2 hrs,"Early-morning visit to a UNESCO-listed temple complex at sunrise, experiencing rituals and peaceful courtyards before tourist crowds arrive."
INT-AC-00301,Old Town Architecture Tour,Tokyo,Japan,"111 Museum District, Shibuya, Tokyo, Japan",Culture,Bustling; Modern; Traditional,Spring; Autumn,85,4.5,Group,2 hrs,A 90-minute walking tour tracing the city's architectural evolution from medieval lanes to baroque facades and modernist interventions.
INT-AC-00302,Cultural Dance Show,Paris,France,"78 Museum District, Champs-Élysées, Paris, France",Culture,Romantic; Artistic; Chic,Spring; Summer; Autumn,120,4.9,Couple,2 hrs,"An evening performance showcasing traditional folk dances, live music, and costume, followed by a meet-the-artists session backstage."
INT-AC-00303,Traditional Craft Workshop,Brisbane,Australia,"21 Old Town, South Bank, Brisbane, Australia",Culture,Outdoorsy; Relaxed; Sunny,Spring; Autumn; Winter,85,4.2,Group,3 hrs,"A two-hour hands-on session learning a regional craft — ceramics, weaving, or bookbinding — guided by a master artisan."
INT-AC-00304,Photography City Tour,Berlin,Germany,"158 Old Town, Prenzlauer Berg, Berlin, Germany",Culture,Edgy; Creative; Historic,Spring; Summer,65,4.2,Couple,2 hrs,"A guided photo walk through the city's most photogenic corners, with tips on composition, light, and storytelling from a professional photographer."
INT-AC-00305,Street Art & Graffiti Tour,Dubai,UAE,"169 Museum District, Jumeirah, Dubai, UAE",Culture,Luxurious; Futuristic; Vibrant,Spring; Winter,70,4.1,Group,2 hrs,"A highly rated local experience offering an authentic taste of the destination's culture, cuisine, and character."
INT-AC-00306,Local Neighbourhood Walk,Singapore,Singapore,"12 Heritage Square, Marina Bay, Singapore, Singapore",Culture,Modern; Multicultural; Clean,Spring; Summer; Autumn; Winter,45,4.8,Solo,2 hrs,"A highly rated local experience offering an authentic taste of the destination's culture, cuisine, and character."
INT-AC-00307,London Bike Tour,London,UK,"159 Outdoor Centre, Shoreditch, London, UK",Adventure,Historic; Cosmopolitan; Eclectic,Spring; Summer,80,4.8,Group,4 hrs,"A highly rated local experience offering an authentic taste of the destination's culture, cuisine, and character."
INT-AC-00308,River Kayaking Experience,New York,USA,"63 Outdoor Centre, SoHo, New York, USA",Adventure,Fast-paced; Iconic; Diverse,Spring; Autumn,75,4.5,Solo,5 hrs,"Paddle through scenic river gorges with an experienced instructor — safety gear, refreshments, and transport included."
INT-AC-00309,Sunset Sailing Cruise,Sydney,Australia,"19 Outdoor Centre, Circular Quay, Sydney, Australia",Adventure,Beach; Outdoorsy; Vibrant,Spring; Summer; Autumn,185,4.8,Group,5 hrs,"A two-hour sunset cruise aboard a traditional sailing vessel, with canapés, local wine, and panoramic views of the city skyline."
INT-AC-00310,Jungle Trekking Adventure,Bangkok,Thailand,"53 Outdoor Centre, Old City, Bangkok, Thailand",Adventure,Lively; Spiritual; Street food,Spring; Winter,65,4.2,Solo,6 hrs,"Half-day guided trek through primary rainforest, spotting endemic wildlife and crossing rope bridges, concluding with a riverside picnic."
INT-AC-00311,Desert Safari Experience,Barcelona,Spain,"103 National Park Gate, Barceloneta, Barcelona, Spain",Adventure,Artistic; Beach; Festive,Spring; Summer,245,4.6,Couple,5 hrs,"Dune-bashing by 4WD followed by a Bedouin-style camp dinner under the stars, with camel rides, henna, and live music included."
INT-AC-00312,Rock Climbing Rome,Rome,Italy,"120 Wharf, Trastevere, Rome, Italy",Adventure,Historic; Romantic; Culinary,Spring; Autumn,70,4.8,Solo,5 hrs,"A highly rated local experience offering an authentic taste of the destination's culture, cuisine, and character."
INT-AC-00313,Scuba Diving Lesson,Amsterdam,Netherlands,"13 Adventure Hub, De Pijp, Amsterdam, Netherlands",Adventure,Liberal; Charming; Cycling-friendly,Spring; Summer,105,4.3,Couple,4 hrs,"PADI-certified introductory dive in crystal-clear coastal waters, covering basic techniques in a confined pool before an open-water experience."
INT-AC-00314,Hot Air Balloon Ride,Seoul,South Korea,"84 Wharf, Insadong, Seoul, South Korea",Adventure,Trendy; K-pop; Foodie,Spring; Autumn,325,4.9,Group,4 hrs,"Float over the city at dawn in a private basket, watching the landscape emerge in golden light with a champagne breakfast on landing."
INT-AC-00315,Zip Line Forest Canopy,Bali,Indonesia,"128 Outdoor Centre, Seminyak, Bali, Indonesia",Adventure,Spiritual; Tropical; Bohemian,Spring; Summer; Autumn,105,4.2,Group,6 hrs,"Fly through the forest canopy on a multi-line zip circuit up to 200 m long, with safety briefing, harness fitting, and photos included."
INT-AC-00316,Stand-Up Paddleboard Tour,Cape Town,South Africa,"62 Outdoor Centre, Gardens, Cape Town, South Africa",Adventure,Scenic; Adventurous; Diverse,Summer; Autumn,65,4.5,Solo,6 hrs,"Guided SUP tour along calm coastal or river waterways, exploring hidden coves and sea caves only accessible from the water."
INT-AC-00317,Coastal Cliff Walk,Kyoto,Japan,"127 National Park Gate, Fushimi, Kyoto, Japan",Adventure,Serene; Traditional; Cultural,Spring; Autumn,45,4.6,Solo,3 hrs,"A highly rated local experience offering an authentic taste of the destination's culture, cuisine, and character."
INT-AC-00318,Night Kayaking Tour,Vienna,Austria,"35 Outdoor Centre, Innere Stadt, Vienna, Austria",Adventure,Imperial; Musical; Café culture,Spring; Summer,135,4.3,Group,3 hrs,"A highly rated local experience offering an authentic taste of the destination's culture, cuisine, and character."
INT-AC-00319,Harbour Sunset Cruise,Istanbul,Turkey,"103 Wellness Centre, Beyoğlu, Istanbul, Turkey",Relaxation,Historic; Exotic; East-meets-West,Spring; Autumn,90,4.7,Group,4 hrs,"A scenic evening cruise around the harbour with cocktails, local cheese, and a live acoustic duo as the city lights come on."
INT-AC-00320,Spa & Wellness Half Day,Lisbon,Portugal,"19 Spa Quarter, Belém, Lisbon, Portugal",Relaxation,Soulful; Coastal; Affordable,Spring; Summer; Autumn,85,4.6,Couple,4 hrs,"Four hours of treatments including a traditional massage, thermal pools, and a skin ritual using locally sourced botanicals."
INT-AC-00321,Rooftop Bar Sunset Experience,Prague,Czech Republic,"33 Wellness Centre, Old Town, Prague, Czech Republic",Relaxation,Fairy-tale; Beer culture; Gothic,Spring; Summer,65,4.5,Group,5 hrs,"Reserved rooftop terrace access during golden hour, with a curated cocktail menu and 360-degree views over the city's skyline."
INT-AC-00322,City Panorama Cable Car,Maldives,Maldives,"194 Spa Quarter, North Malé Atoll, Maldives, Maldives",Relaxation,Luxury; Tropical; Remote,Spring; Winter,35,4.4,Couple,5 hrs,"Ride historic gondolas to the city's highest viewpoint, with optional guided commentary and a café terrace at the summit."
INT-AC-00323,Morning Yoga & Meditation,Zurich,Switzerland,"12 Wellness Centre, Enge, Zurich, Switzerland",Relaxation,Clean; Alpine; Upscale,Summer; Autumn,35,4.2,Couple,5 hrs,"A highly rated local experience offering an authentic taste of the destination's culture, cuisine, and character."
INT-AC-00324,Thermal Baths & Spa,Los Angeles,USA,"39 Sky Lounge, Hollywood, Los Angeles, USA",Relaxation,Sunny; Creative; Beach,Spring; Summer; Autumn,45,4.1,Couple,4 hrs,"A highly rated local experience offering an authentic taste of the destination's culture, cuisine, and character."
INT-AC-00325,Toronto Food Tour,Toronto,Canada,"101 Street Food Alley, Kensington, Toronto, Canada",Food,Multicultural; Friendly; Urban,Summer; Autumn,110,4.1,Solo,3 hrs,"A highly rated local experience offering an authentic taste of the destination's culture, cuisine, and character."
INT-AC-00326,Tokyo Cooking Class,Tokyo,Japan,"130 Night Bazaar, Asakusa, Tokyo, Japan",Food,Bustling; Modern; Traditional,Spring; Autumn,160,4.7,Couple,4 hrs,"A highly rated local experience offering an authentic taste of the destination's culture, cuisine, and character."
INT-AC-00327,Street Food Night Walk Paris,Paris,France,"95 Market Lane, Montmartre, Paris, France",Food,Romantic; Artistic; Chic,Spring; Summer; Autumn,65,4.5,Solo,3 hrs,"A highly rated local experience offering an authentic taste of the destination's culture, cuisine, and character."
INT-AC-00328,Sushi Making Workshop,Brisbane,Australia,"186 Night Bazaar, Fortitude Valley, Brisbane, Australia",Food,Outdoorsy; Relaxed; Sunny,Spring; Autumn; Winter,120,4.7,Couple,4 hrs,"Hands-on session teaching rice preparation, fish selection, and rolling technique — finish by eating your creations with sake pairings."
INT-AC-00329,Wine & Cheese Tasting,Berlin,Germany,"185 Street Food Alley, Kreuzberg, Berlin, Germany",Food,Edgy; Creative; Historic,Spring; Summer,140,4.0,Group,3 hrs,"Curated tasting of local and imported wines paired with artisan cheeses, hosted in a cellar setting with a certified sommelier."
INT-AC-00330,Local Market Food Experience,Dubai,UAE,"38 Harbour Kitchen, Downtown Dubai, Dubai, UAE",Food,Luxurious; Futuristic; Vibrant,Spring; Winter,35,4.6,Solo,4 hrs,"Navigate a vibrant local produce market with a chef guide, sampling seasonal specialities and learning the stories behind each ingredient."
INT-AC-00331,Craft Beer & Brewery Tour,Singapore,Singapore,"113 Market Lane, Chinatown, Singapore, Singapore",Food,Modern; Multicultural; Clean,Spring; Summer; Autumn; Winter,100,4.2,Group,2 hrs,"A highly rated local experience offering an authentic taste of the destination's culture, cuisine, and character."
INT-AC-00332,Farm-to-Table Dinner Experience,London,UK,"106 Street Food Alley, Kensington, London, UK",Food,Historic; Cosmopolitan; Eclectic,Spring; Summer,130,4.4,Group,4 hrs,"A highly rated local experience offering an authentic taste of the destination's culture, cuisine, and character."
INT-AC-00333,New York History Walking Tour,New York,USA,"133 Museum District, Midtown, New York, USA",Culture,Fast-paced; Iconic; Diverse,Spring; Autumn,65,4.8,Group,2 hrs,"A highly rated local experience offering an authentic taste of the destination's culture, cuisine, and character."
INT-AC-00334,Museum Skip-the-Line Tour,Sydney,Australia,"45 Old Town, Bondi, Sydney, Australia",Culture,Beach; Outdoorsy; Vibrant,Spring; Summer; Autumn,55,4.6,Couple,3 hrs,"Fast-track entry and an in-depth guided tour of the city's premier museum, covering highlights and hidden gems in under three hours."
INT-AC-00335,Bangkok Art Gallery Visit,Bangkok,Thailand,"157 Old Town, Silom, Bangkok, Thailand",Culture,Lively; Spiritual; Street food,Spring; Winter,55,4.9,Couple,3 hrs,"A highly rated local experience offering an authentic taste of the destination's culture, cuisine, and character."
INT-AC-00336,Ancient Temple Morning Walk,Barcelona,Spain,"58 Old Town, Gothic Quarter, Barcelona, Spain",Culture,Artistic; Beach; Festive,Spring; Summer,60,4.2,Solo,3 hrs,"Early-morning visit to a UNESCO-listed temple complex at sunrise, experiencing rituals and peaceful courtyards before tourist crowds arrive."
INT-AC-00337,Old Town Architecture Tour,Rome,Italy,"123 Old Town, Colosseum, Rome, Italy",Culture,Historic; Romantic; Culinary,Spring; Autumn,60,4.8,Group,3 hrs,A 90-minute walking tour tracing the city's architectural evolution from medieval lanes to baroque facades and modernist interventions.
INT-AC-00338,Cultural Dance Show,Amsterdam,Netherlands,"147 Heritage Square, Museumplein, Amsterdam, Netherlands",Culture,Liberal; Charming; Cycling-friendly,Spring; Summer,100,4.6,Group,3 hrs,"An evening performance showcasing traditional folk dances, live music, and costume, followed by a meet-the-artists session backstage."
INT-AC-00339,Traditional Craft Workshop,Seoul,South Korea,"75 Museum District, Gangnam, Seoul, South Korea",Culture,Trendy; K-pop; Foodie,Spring; Autumn,115,4.9,Couple,3 hrs,"A two-hour hands-on session learning a regional craft — ceramics, weaving, or bookbinding — guided by a master artisan."
INT-AC-00340,Photography City Tour,Bali,Indonesia,"168 Cultural Precinct, Ubud, Bali, Indonesia",Culture,Spiritual; Tropical; Bohemian,Spring; Summer; Autumn,50,4.3,Solo,3 hrs,"A guided photo walk through the city's most photogenic corners, with tips on composition, light, and storytelling from a professional photographer."
INT-AC-00341,Street Art & Graffiti Tour,Cape Town,South Africa,"144 Old Town, Sea Point, Cape Town, South Africa",Culture,Scenic; Adventurous; Diverse,Summer; Autumn,50,4.7,Group,2 hrs,"A highly rated local experience offering an authentic taste of the destination's culture, cuisine, and character."
INT-AC-00342,Local Neighbourhood Walk,Kyoto,Japan,"172 Heritage Square, Gion, Kyoto, Japan",Culture,Serene; Traditional; Cultural,Spring; Autumn,40,4.1,Solo,2 hrs,"A highly rated local experience offering an authentic taste of the destination's culture, cuisine, and character."
INT-AC-00343,Vienna Bike Tour,Vienna,Austria,"106 Adventure Hub, Naschmarkt, Vienna, Austria",Adventure,Imperial; Musical; Café culture,Spring; Summer,75,4.2,Solo,3 hrs,"A two-hour cycling tour around the Ringstrasse and Prater park, passing imperial palaces and the world's oldest Ferris wheel."
INT-AC-00344,River Kayaking Experience,Istanbul,Turkey,"141 Adventure Hub, Kadıköy, Istanbul, Turkey",Adventure,Historic; Exotic; East-meets-West,Spring; Autumn,110,4.7,Group,4 hrs,"Paddle through scenic river gorges with an experienced instructor — safety gear, refreshments, and transport included."
INT-AC-00345,Sunset Sailing Cruise,Lisbon,Portugal,"194 Wharf, Alfama, Lisbon, Portugal",Adventure,Soulful; Coastal; Affordable,Spring; Summer; Autumn,200,4.2,Group,6 hrs,"A two-hour sunset cruise aboard a traditional sailing vessel, with canapés, local wine, and panoramic views of the city skyline."
INT-AC-00346,Jungle Trekking Adventure,Prague,Czech Republic,"137 Wharf, Malá Strana, Prague, Czech Republic",Adventure,Fairy-tale; Beer culture; Gothic,Spring; Summer,95,4.3,Group,3 hrs,"Half-day guided trek through primary rainforest, spotting endemic wildlife and crossing rope bridges, concluding with a riverside picnic."
INT-AC-00347,Desert Safari Experience,Maldives,Maldives,"46 Outdoor Centre, Baa Atoll, Maldives, Maldives",Adventure,Luxury; Tropical; Remote,Spring; Winter,295,4.7,Group,4 hrs,"Dune-bashing by 4WD followed by a Bedouin-style camp dinner under the stars, with camel rides, henna, and live music included."
INT-AC-00348,Rock Climbing Zurich,Zurich,Switzerland,"192 Wharf, Altstadt, Zurich, Switzerland",Adventure,Clean; Alpine; Upscale,Summer; Autumn,60,5.0,Group,6 hrs,"A highly rated local experience offering an authentic taste of the destination's culture, cuisine, and character."
INT-AC-00349,Scuba Diving Lesson,Los Angeles,USA,"86 Adventure Hub, Santa Monica, Los Angeles, USA",Adventure,Sunny; Creative; Beach,Spring; Summer; Autumn,125,4.9,Couple,5 hrs,"PADI-certified introductory dive in crystal-clear coastal waters, covering basic techniques in a confined pool before an open-water experience."
INT-AC-00350,Hot Air Balloon Ride,Toronto,Canada,"70 Outdoor Centre, CN Tower, Toronto, Canada",Adventure,Multicultural; Friendly; Urban,Summer; Autumn,320,4.5,Group,4 hrs,"Float over the city at dawn in a private basket, watching the landscape emerge in golden light with a champagne breakfast on landing."
INT-AC-00351,Zip Line Forest Canopy,Tokyo,Japan,"166 Outdoor Centre, Shinjuku, Tokyo, Japan",Adventure,Bustling; Modern; Traditional,Spring; Autumn,90,4.8,Solo,4 hrs,"Fly through the forest canopy on a multi-line zip circuit up to 200 m long, with safety briefing, harness fitting, and photos included."
INT-AC-00352,Stand-Up Paddleboard Tour,Paris,France,"146 National Park Gate, Le Marais, Paris, France",Adventure,Romantic; Artistic; Chic,Spring; Summer; Autumn,60,4.7,Solo,5 hrs,"Guided SUP tour along calm coastal or river waterways, exploring hidden coves and sea caves only accessible from the water."
INT-AC-00353,Coastal Cliff Walk,Brisbane,Australia,"23 National Park Gate, CBD, Brisbane, Australia",Adventure,Outdoorsy; Relaxed; Sunny,Spring; Autumn; Winter,40,4.2,Group,6 hrs,"A highly rated local experience offering an authentic taste of the destination's culture, cuisine, and character."
INT-AC-00354,Night Kayaking Tour,Berlin,Germany,"83 Outdoor Centre, Mitte, Berlin, Germany",Adventure,Edgy; Creative; Historic,Spring; Summer,125,4.7,Group,4 hrs,"A highly rated local experience offering an authentic taste of the destination's culture, cuisine, and character."
INT-AC-00355,Harbour Sunset Cruise,Dubai,UAE,"193 Sky Lounge, Marina, Dubai, UAE",Relaxation,Luxurious; Futuristic; Vibrant,Spring; Winter,85,4.0,Group,3 hrs,"A scenic evening cruise around the harbour with cocktails, local cheese, and a live acoustic duo as the city lights come on."
INT-AC-00356,Spa & Wellness Half Day,Singapore,Singapore,"67 Wellness Centre, Orchard, Singapore, Singapore",Relaxation,Modern; Multicultural; Clean,Spring; Summer; Autumn; Winter,115,5.0,Solo,5 hrs,"Four hours of treatments including a traditional massage, thermal pools, and a skin ritual using locally sourced botanicals."
INT-AC-00357,Rooftop Bar Sunset Experience,London,UK,"120 Wellness Centre, Covent Garden, London, UK",Relaxation,Historic; Cosmopolitan; Eclectic,Spring; Summer,80,4.4,Couple,3 hrs,"Reserved rooftop terrace access during golden hour, with a curated cocktail menu and 360-degree views over the city's skyline."
INT-AC-00358,City Panorama Cable Car,New York,USA,"164 Wellness Centre, Brooklyn, New York, USA",Relaxation,Fast-paced; Iconic; Diverse,Spring; Autumn,50,4.2,Couple,5 hrs,"Ride historic gondolas to the city's highest viewpoint, with optional guided commentary and a café terrace at the summit."
INT-AC-00359,Morning Yoga & Meditation,Sydney,Australia,"123 Rooftop Terrace, Manly, Sydney, Australia",Relaxation,Beach; Outdoorsy; Vibrant,Spring; Summer; Autumn,45,4.4,Solo,3 hrs,"A highly rated local experience offering an authentic taste of the destination's culture, cuisine, and character."
INT-AC-00360,Thermal Baths & Spa,Bangkok,Thailand,"180 Sky Lounge, Sukhumvit, Bangkok, Thailand",Relaxation,Lively; Spiritual; Street food,Spring; Winter,55,4.5,Group,4 hrs,"A highly rated local experience offering an authentic taste of the destination's culture, cuisine, and character."
